N,k,D,seed,phi_mean,phi_std,main_cost,c1,c_mis,chi_phi,chi_conn,xi,chi_xi,chi_C,J_phi,J_conn,J_xi,J_C,J_mis_phi,J_mis_conn,J_mis_xi,J_mis_C,J_c1_phi,J_c1_conn,J_c1_xi,J_c1_C,Jalpha_phi_0.8,Jalpha_conn_0.8,Jalpha_xi_0.8,Jalpha_C_0.8,Jalpha_phi_1.0,Jalpha_conn_1.0,Jalpha_xi_1.0,Jalpha_C_1.0,Jalpha_phi_1.2,Jalpha_conn_1.2,Jalpha_xi_1.2,Jalpha_C_1.2
1024,7,0.2,0,0.2740536630153656,0.08394214510917664,1.619268774986267,0.0015813171630725265,0.41935792565345764,7.170295715332031,77.14596557617188,3.8784185464572754,58.33967760498939,14.515992505056511,0.22583012462426516,0.020989675388629937,0.027755874585905876,0.11155067587849814,0.05848544359987232,0.00543590222147644,0.007188211228949144,0.02888937325555784,0.00022053723107838395,2.0497729871708922e-05,2.7105346275298707e-05,0.00010893620691259584,0.3348800590787933,0.05005740893643586,0.06259616424793596,0.1904765661071653,0.22583012462426516,0.020989675388629937,0.027755874585905876,0.11155067587849814,0.15229107797013264,0.008801224080125672,0.012307280857931134,0.06532852593504229
1024,7,0.2,1,0.30038535594940186,0.10226757079362869,1.6179969310760498,0.0015800751280039549,0.4184631407260895,10.642738342285156,100.32014465332031,3.816221669243634,55.57772680535045,14.340603638379918,0.15202825429311848,0.016128335307603634,0.029112326539420207,0.11282627788036667,0.03931912326205317,0.004171277286054427,0.007529331708575821,0.029180301699863728,0.0001484650920831235,1.5750327448831674e-05,2.8430006386152546e-05,0.00011018191199254558,0.24396919073445386,0.04053845321816825,0.06502151282660577,0.192186884936972,0.15202825429311848,0.016128335307603634,0.029112326539420207,0.11282627788036667,0.09473569196927734,0.006416702640196289,0.013034571477873017,0.06623640829868524
1024,7,0.2,2,0.2908434271812439,0.0814916342496872,1.6183993816375732,0.0015804681461304426,0.418600469827652,6.7577667236328125,90.73307037353516,3.8519229836853266,57.15217799449343,14.178677544507343,0.23948731109314775,0.017836929522773264,0.028317370193547214,0.11414318271625569,0.06194361050726274,0.004613538019867875,0.007324313517290344,0.029523237869938934,0.0002338743272394021,1.7418876487083265e-05,2.765368182963595e-05,0.00011146795187134345,0.3509483032584697,0.04394133202205535,0.0636003455843357,0.19398900845035116,0.23948731109314775,0.017836929522773264,0.028317370193547214,0.11414318271625569,0.16342627002925098,0.007240473607870813,0.012608004678450864,0.06716187821502805
1024,7,0.2,3,0.29588767886161804,0.08736982941627502,1.6181834936141968,0.001580257317982614,0.4187002182006836,7.767852783203125,94.7188949584961,3.912829982797455,59.90636014593698,14.833667787692555,0.208317991956965,0.017084062206629967,0.027011881370728658,0.1090885623686947,0.053901667537528924,0.004420450833850517,0.00698924483444987,0.028226344569215564,0.00020343553902047362,1.6683654498662077e-05,2.6378790401102205e-05,0.00010653179918817842,0.31389686469597017,0.042450075661681116,0.0612420077841796,0.1870806749513068,0.208317991956965,0.017084062206629967,0.027011881370728658,0.1090885623686947,0.13825045947819325,0.006875492609391591,0.011914072735133339,0.06361060244606234
1024,7,0.2,4,0.312192440032959,0.08465063571929932,1.619063138961792,0.001581116346642375,0.41839733719825745,7.291831970214844,106.048095703125,3.963069992049755,62.243675158148626,18.456098578240216,0.2220379111278518,0.01526725329886411,0.026011689297717064,0.08772510246941742,0.05737890545301882,0.003945354552801538,0.006721925338360793,0.022669869009669733,0.00021683389758579276,1.4909427049671983e-05,2.540204032980182e-05,8.566904538029045e-05,0.3303653293775234,0.03880265888536084,0.0594275195173548,0.15716356242956872,0.2220379111278518,0.01526725329886411,0.026011689297717064,0.08772510246941742,0.14923125883370625,0.006007037403810878,0.011385431961759339,0.048966143833234464
1024,7,0.2,5,0.3070412576198578,0.07914933562278748,1.619388222694397,0.001581433811224997,0.4183958172798157,6.374870300292969,96.68003845214844,3.9466847620526444,61.4748272043534,13.624780762254204,0.2540268501807755,0.016749974954715283,0.026342298080989455,0.1188560939769919,0.06563205172356017,0.004327633956071498,0.0068059697978327385,0.030708444016870375,0.00024807309587966355,1.6357397416714144e-05,2.5724900469716264e-05,0.00011607040427440615,0.36793736503077534,0.04179088082887629,0.06003342526005548,0.20039522005982652,0.2540268501807755,0.016749974954715283,0.026342298080989455,0.1188560939769919,0.17538213496573984,0.006713466082048438,0.011558838516738992,0.07049455107387334
1024,7,0.2,6,0.312802255153656,0.08710800856351852,1.618709921836853,0.0015807714080438018,0.4183039665222168,7.7213592529296875,93.26959991455078,3.6886159533859426,50.186894251570024,10.748819537405957,0.20964053980815253,0.017355171709965936,0.032253638045877164,0.15059420396851325,0.05417491309752247,0.00448489075653211,0.008334924341510348,0.03891627029987028,0.00020472708965639896,1.694840987301361e-05,3.149769340417692e-05,0.00014706465231300122,0.31551064842858945,0.04299093965865415,0.0705824569778655,0.24214773521194055,0.20964053980815253,0.017355171709965936,0.032253638045877164,0.15059420396851325,0.1392953174479014,0.007006173567591921,0.01473874970831194,0.09365610728946379
1024,7,0.2,7,0.30678147077560425,0.08437640964984894,1.6188373565673828,0.0015808958560228348,0.4183526933193207,7.244682312011719,97.19328308105469,3.9021313173758836,59.41630516895406,14.381677092755648,0.22345180738751547,0.01665585630251164,0.02724567527321188,0.11256248809694282,0.05774617509807019,0.004304337502113536,0.007041041884541761,0.029089284276174833,0.00021821465565187057,1.6265484670421524e-05,2.6607104758995977e-05,0.00010992430478217072,0.332037963080958,0.04160008478888211,0.06167067536664085,0.1918472555951672,0.22345180738751547,0.01665585630251164,0.02724567527321188,0.11256248809694282,0.15037651044911732,0.006668677493754974,0.012036949760645099,0.06604375802649516
1024,7,0.22,0,0.2563362717628479,0.08433127403259277,1.563405990600586,0.0015267636626958847,0.44800472259521484,7.236907958984375,72.9415283203125,3.6286082087217646,47.7771496086549,14.79931195589372,0.21603231648948507,0.021433688415947463,0.03272288119752905,0.10564045107367108,0.061905543794989436,0.006141970601820473,0.009376966316844865,0.03027199669352197,0.00021096905907176276,2.0931336343698695e-05,3.1955938669461964e-05,0.00010316450300163191,0.3209440527392063,0.05054659261353789,0.07090805662525951,0.18108336319570184,0.21603231648948507,0.021433688415947463,0.03272288119752905,0.10564045107367108,0.1454146333901263,0.009088703616965047,0.015101061922012328,0.061628548896498415
1024,7,0.22,1,0.2678073048591614,0.08010797947645187,1.5628812313079834,0.0015262512024492025,0.4479341506958008,6.530235290527344,76.8128890991211,3.7851674355438014,54.23195810115876,12.002461615742694,0.23933000294416257,0.020346601327430946,0.02881845476412163,0.1302133913311644,0.06859387614188527,0.005831497238930518,0.008259597594840115,0.03732019022733474,0.00023372070600015876,1.9869727858819283e-05,2.814302223058753e-05,0.00012716151497184025,0.3483236094839406,0.04848179552977193,0.06405038542268533,0.21404728085015134,0.23933000294416257,0.020346601327430946,0.02881845476412163,0.1302133913311644,0.1644414812826338,0.008538961502017668,0.012966406517478622,0.07921393448503121
1024,7,0.22,2,0.27440306544303894,0.08593955636024475,1.5622975826263428,0.0015256812330335379,0.44774308800697327,7.515594482421875,79.32110595703125,3.607538375259896,46.94970619118561,12.101676622510524,0.2078741191106545,0.01969586232789857,0.03327598209591459,0.12909761443470466,0.05957520580097738,0.005644690433962413,0.009536653673266927,0.03699843434703247,0.00020300206944399854,1.9234240554588448e-05,3.249607626554159e-05,0.00012607188909639127,0.31116668248521906,0.04723378539840218,0.07185507676938234,0.2125628311416164,0.2078741191106545,0.01969586232789857,0.03327598209591459,0.12909761443470466,0.13886978210812534,0.008212913480626029,0.015410059166751155,0.07840596572421497
1024,7,0.22,3,0.2792898416519165,0.08005330711603165,1.5621751546859741,0.0015255616744980216,0.44726958870887756,6.5213165283203125,83.68737030029297,3.9708084066090765,62.60900443114133,14.489029511386207,0.2395490462549809,0.01866679702182619,0.02495128566377519,0.10781779093336365,0.06858578122477368,0.005344529133893837,0.007143854031424407,0.030869533971022052,0.0002339346154833798,1.8229293966627138e-05,2.436648990603046e-05,0.00010529081145836294,0.34854712287154077,0.04524825021347792,0.057071631519623627,0.18403409454343161,0.2395490462549809,0.01866679702182619,0.02495128566377519,0.10781779093336365,0.16463697961098972,0.007700835046882492,0.01090851338394363,0.0631658827707445
1024,7,0.22,4,0.2737967371940613,0.07889162003993988,1.56338632106781,0.0015267444541677833,0.44778862595558167,6.333442687988281,79.95646667480469,3.4474046977721273,40.97102294161166,8.747124400106046,0.2468462095714322,0.019552969085369215,0.03815834238007219,0.17873146071283225,0.07070224647407597,0.005600405377801488,0.01092939823820682,0.0511926669237896,0.00024106075153460175,1.9094696372430874e-05,3.7264006230539245e-05,0.00017454244210237524,0.3570708783154091,0.04696598471736763,0.08018347279987467,0.27578717444474465,0.2468462095714322,0.019552969085369215,0.03815834238007219,0.17873146071283225,0.17064693560912525,0.00814032969507879,0.018159092420814794,0.11583183704194709
1024,7,0.22,5,0.26705700159072876,0.08735036849975586,1.5624585151672363,0.0015258383937180042,0.4480995535850525,7.764381408691406,75.33684539794922,3.9698349206775054,62.56296792847537,14.799696454595619,0.20123412708940713,0.02073963287039583,0.024974175089543464,0.10557368659288008,0.05771220268538744,0.005947946867406934,0.007162376856822694,0.030277617852486973,0.00019651770223574915,2.0253547724995927e-05,2.438884286088229e-05,0.00010309930331335945,0.3031956781243075,0.04922690713968296,0.05711558386908238,0.1809698593329635,0.20123412708940713,0.02073963287039583,0.024974175089543464,0.10557368659288008,0.13356118449957916,0.00873774926339143,0.010920126857720832,0.06158927979440314
1024,7,0.22,6,0.28415146470069885,0.08136866241693497,1.5620863437652588,0.0015254749450832605,0.4469996392726898,6.737373352050781,79.5386962890625,3.9699366806009775,62.5677791356029,12.86270823340671,0.2318539083617471,0.019639325468552644,0.024966306385587944,0.12144303636680855,0.06634627708981396,0.005619901508671792,0.007144246534688554,0.03475159594398272,0.00022641983238451865,1.917902877788344e-05,2.4381158579675727e-05,0.00011859671520196147,0.3395568875493765,0.04712401234539373,0.05709846640971531,0.20241332584442254,0.2318539083617471,0.019639325468552644,0.024966306385587944,0.12144303636680855,0.1583128977609105,0.008184852809916604,0.010916518318835128,0.07286284645767739
1024,7,0.22,7,0.26106590032577515,0.08893386274576187,1.5620553493499756,0.0015254446770995855,0.4480145573616028,8.048423767089844,75.26762390136719,3.7651361963757215,53.375514177328704,12.116671053287563,0.19408214509495006,0.020753350091095434,0.029265392070236203,0.12891786386543438,0.05566488176151245,0.005952287771813996,0.008393634502014734,0.03697505324616739,0.00018953334481928717,2.0266943448335384e-05,2.8579484443590042e-05,0.00012589635143108827,0.29452878821100414,0.04925041037120519,0.06483697748813289,0.2123194420739698,0.19408214509495006,0.020753350091095434,0.029265392070236203,0.12891786386543438,0.12789201107795106,0.008745136066021196,0.013209486410457716,0.07827740814162705
1024,7,0.25,0,0.21697783470153809,0.07205608487129211,1.4846787452697754,0.001449881587177515,0.48940056562423706,5.283451080322266,50.50203323364258,3.77119599423871,53.63364481910594,11.608920002672164,0.28100548726557284,0.029398395474516014,0.0276818543710251,0.12789120305144916,0.09262895750979225,0.009690710141512017,0.009124879863654123,0.042157286423852164,0.000274419421157786,2.8709370580582045e-05,2.7033060909204198e-05,0.00012489375297993082,0.39201107673144264,0.06441476111224523,0.06138788090532174,0.2088329562491584,0.28100548726557284,0.029398395474516014,0.0276818543710251,0.12789120305144916,0.20143329757862533,0.013417198815191243,0.012482676549797823,0.07832173672067583
1024,7,0.25,1,0.20901493728160858,0.0745949000120163,1.485044002532959,0.0014502382837235928,0.48924484848976135,5.662330627441406,47.55662155151367,3.6946477470858645,50.433500796877496,10.131365464551795,0.2622672712426887,0.031226860825770576,0.029445586347733824,0.14657886024632283,0.0864034406819569,0.010287628358120601,0.009700790957586115,0.048290119451475655,0.0002561203820729382,3.0494981275166578e-05,2.8755455417708812e-05,0.00014314341820929964,0.3709737179001492,0.0676037094521113,0.06450064089067882,0.23291901067852083,0.2622672712426887,0.031226860825770576,0.029445586347733824,0.14657886024632283,0.18541507995345344,0.014424013784669494,0.0134423866707214,0.09224391864159827
1024,7,0.25,2,0.20716087520122528,0.07789426296949387,1.4846155643463135,0.0014498198870569468,0.48984068632125854,6.174308776855469,47.65375518798828,4.19512711354338,73.83042592029136,13.23586448124439,0.2404504889537477,0.031154219819396922,0.020108451845437417,0.11216612004830191,0.07933530764730087,0.010279162353289819,0.006634672361908073,0.037008590335401007,0.00023481493061889425,3.0424042792379807e-05,1.9637160005309978e-05,0.00010953722660966984,0.3460535696569538,0.06747397653450782,0.04753633665988432,0.1880235117306176,0.2404504889537477,0.031154219819396922,0.020108451845437417,0.11216612004830191,0.16707366346606495,0.014384588880113257,0.008506121086135448,0.06691311299788555
1024,7,0.25,3,0.22499164938926697,0.07223863154649734,1.4848310947418213,0.0014500303659588099,0.48968997597694397,5.310260772705078,55.983619689941406,3.7366949838658496,52.17505879040183,10.251164229319945,0.2796154762067249,0.026522598984584794,0.028458637693283675,0.14484511822520318,0.09221580576493854,0.008747022409216007,0.009385518432171423,0.047769206016264325,0.0002730619884831298,2.5900975570883587e-05,2.779163837234734e-05,0.00014145031076679998,0.3904670352038823,0.05932370599366936,0.06276343383061757,0.2307057935697339,0.2796154762067249,0.026522598984584794,0.028458637693283675,0.14484511822520318,0.20023409785025603,0.01185779352645578,0.012903915702625245,0.0909388010983416
1024,7,0.25,4,0.2156873643398285,0.07868020236492157,1.4850490093231201,0.0014502431731671095,0.4897451400756836,6.299530029296875,52.484619140625,3.945818089418293,61.43433738456886,12.090053534523982,0.23573965080199397,0.02829493732905148,0.02417294745163372,0.12283229392512285,0.07774312334381343,0.009331212612279453,0.007971847030919525,0.040508103514776225,0.00023021450273632223,2.7631774735401836e-05,2.3606393995736055e-05,0.00011995341203625278,0.3406389190780231,0.06247627766075778,0.05508227176863418,0.20220794114101706,0.23573965080199397,0.02829493732905148,0.02417294745163372,0.12283229392512285,0.16314396226555974,0.012814519501340604,0.010608338576772073,0.07461513304458091
1024,7,0.25,5,0.21037790179252625,0.07461536675691605,1.4842686653137207,0.0014494811184704304,0.4897141456604004,5.665443420410156,49.176368713378906,3.768215251905906,53.50656968178969,10.469073590853876,0.2619863186642265,0.030182559309425202,0.027739933136077557,0.14177650509691958,0.08643880263567207,0.009958322634895343,0.009152411536990543,0.046777218768261464,0.0002558460143205337,2.947515557561055e-05,2.708977845320074e-05,0.00013845361825871053,0.37061704900290793,0.06578204249874799,0.06148749945975094,0.2267701654765456,0.2619863186642265,0.030182559309425202,0.027739933136077557,0.14177650509691958,0.18519609756726305,0.013848564925364067,0.012514802149301302,0.08863854447191744
1024,7,0.25,6,0.23119378089904785,0.06721272319555283,1.4849480390548706,0.001450144569389522,0.49005022644996643,4.597053527832031,59.3046875,3.693820640876846,50.399637332575274,11.836830884949231,0.32302169858682755,0.0250393029902547,0.029463466755842906,0.12545148726784733,0.10660093981569842,0.008263262941061217,0.009723288745437611,0.04140045855289486,0.0003154508775261988,2.4452444326420606e-05,2.8772916753752838e-05,0.00012251121803500716,0.4382557356867536,0.05665523427904641,0.06453113862421866,0.20564724840199827,0.32302169858682755,0.0250393029902547,0.029463466755842906,0.12545148726784733,0.23808705571054795,0.011066350747924766,0.013452356362837556,0.07652947355245009
1024,7,0.25,7,0.230289027094841,0.07070007920265198,1.4844186305999756,0.0014496275689452887,0.4893694818019867,5.086475372314453,58.57916259765625,3.756159435067785,52.994653210306765,12.513094337784397,0.29183639395555233,0.025340386662669145,0.028010724491565796,0.11862922076097852,0.09620993831320042,0.008353985617089828,0.009234318033178689,0.03910859045666204,0.0002849964784722191,2.4746471350262837e-05,2.7354223136294722e-05,0.00011584884839939309,0.40403858323780895,0.05719550108980637,0.06196846703933001,0.196636720030941,0.29183639395555233,0.025340386662669145,0.028010724491565796,0.11862922076097852,0.21079294000704857,0.011227022824842848,0.012661289265787955,0.07156797578876721
1024,7,0.28,0,0.17995986342430115,0.06886662542819977,1.4119898080825806,0.001378896296955645,0.5280619859695435,4.826076507568359,36.872344970703125,3.62562719517871,47.65949511312241,10.390195919946475,0.29257509819172306,0.03829400623162089,0.029626621195443757,0.13589636027670346,0.1094184862468353,0.014321356192265896,0.011079890475468939,0.05082310189702985,0.00028571786932785455,3.739649046056727e-05,2.8932247261175544e-05,0.00013271128933271822,0.4008262909209168,0.07878997365885791,0.0641670409144,0.21703639768413674,0.29257509819172306,0.03829400623162089,0.029626621195443757,0.13589636027670346,0.21355931489729885,0.018611897493667418,0.013678933467248926,0.08509089228126923
1024,7,0.28,1,0.18378737568855286,0.07107391953468323,1.4127973318099976,0.0013796848943457007,0.528124213218689,5.140407562255859,38.89426803588867,3.6995674207332443,50.63523604651892,8.461974257914132,0.2748415013205672,0.036324049870443006,0.02790146629339402,0.16695835850465593,0.10273975493626472,0.01357845872639578,0.010429974350934157,0.06241146535334309,0.00026839990363336643,3.54727049516045e-05,2.7247525677142598e-05,0.00016304527197720306,0.3813131854021533,0.07553902653565818,0.06116705835714673,0.25591898590712353,0.2748415013205672,0.036324049870443006,0.02790146629339402,0.16695835850465593,0.19809923637567656,0.017466952640269873,0.012727305223277002,0.10892155334143698
1024,7,0.28,2,0.1916741579771042,0.0745229572057724,1.411764144897461,0.0013786759227514267,0.527866005897522,5.651416778564453,42.924964904785156,3.442800867217532,40.80709800781457,9.629241720334962,0.24980711920809187,0.03288911587997784,0.03459604367424284,0.14661218254767744,0.09340418988379903,0.012297412637806884,0.012935641877705578,0.05481906272876902,0.00024395226485165222,3.2118277226540857e-05,3.3785198900627775e-05,0.00014317595951921625,0.35321267388613536,0.0697580270028397,0.07263962256132304,0.2306154910811369,0.24980711920809187,0.03288911587997784,0.03459604367424284,0.14661218254767744,0.17667428555285303,0.015506372382386575,0.01647704373600917,0.09320766775303446
1024,7,0.28,3,0.17026841640472412,0.05970832705497742,1.4118387699127197,0.0013787487987428904,0.5287298560142517,3.6278343200683594,33.06959915161133,3.5247368361116598,43.79051892998568,9.538051194962245,0.3891684805181832,0.04269295081080314,0.032240740790718495,0.14802172278739884,0.14574255860843416,0.01598839627871598,0.012074071487017763,0.0554337406254973,0.0003800473442560383,4.169233477617494e-05,3.148509842843603e-05,0.00014455246365956917,0.5035784626938054,0.08594922383388724,0.06865640045362356,0.23238997240580758,0.3891684805181832,0.04269295081080314,0.032240740790718495,0.14802172278739884,0.3007517545898704,0.021206567873798814,0.015140108713337565,0.09428302860972325
1024,7,0.28,4,0.18333585560321808,0.06573206931352615,1.411470651626587,0.0013783893082290888,0.5276151895523071,4.396747589111328,37.85405731201172,3.288916312361945,35.576110759757846,7.17536408323936,0.3210260818979317,0.037287169509797935,0.03967467554725463,0.19671066656026326,0.12000124611632501,0.013938141034749427,0.014830603410115379,0.07353148682514131,0.0003135020331034489,3.6413251474412046e-05,3.874480033911585e-05,0.0001921002603127571,0.43168466885524664,0.07712264294233312,0.08104851791223519,0.2917404835758049,0.3210260818979317,0.037287169509797935,0.03967467554725463,0.19671066656026326,0.23873385527456634,0.0180275591837795,0.01942145174677277,0.13263529923685985
1024,7,0.28,5,0.17441391944885254,0.06547597050666809,1.4124538898468018,0.0013793495018035173,0.5286568403244019,4.362550735473633,34.83649444580078,3.982144228175749,63.14674320255472,12.333733451472117,0.32376789990350785,0.04054523603241198,0.02236780264844535,0.11451957312067707,0.1211806744218888,0.015175374237120651,0.008371878160503677,0.042862677582942495,0.0003161795897495194,3.9594957062902325e-05,2.184355727387241e-05,0.0001118355206256612,0.434692239040519,0.08247963344445469,0.05124995797832776,0.18927734357463707,0.32376789990350785,0.04054523603241198,0.02236780264844535,0.11451957312067707,0.2411491248136978,0.019931176901156845,0.009762322059490668,0.06928844403699386
1024,7,0.28,6,0.17777711153030396,0.07000526785850525,1.4114711284637451,0.001378389773890376,0.5272018909454346,4.986991882324219,35.827938079833984,3.6321837318944135,47.918523391791524,8.519434392165623,0.28303056467096555,0.03939582359773592,0.02945564738970089,0.16567662399768207,0.10571540988747886,0.014714826451097781,0.011002047926955626,0.061882264323819845,0.0002763970358114898,3.8472483982163984e-05,2.8765280654004776e-05,0.0001617935781227364,0.39030226365086157,0.08059248501174304,0.06386593250217025,0.2542982601759628,0.28303056467096555,0.03939582359773592,0.02945564738970089,0.16567662399768207,0.2052417011078967,0.019257762268005286,0.013585257885601366,0.1079391723729295
1024,7,0.28,7,0.19597329199314117,0.070216603577137,1.411484718322754,0.0013784030452370644,0.5272569060325623,5.017147064208984,42.09172439575195,3.6025264682833673,46.75429803983733,10.726444200730377,0.28133213961215464,0.03353354462392151,0.030189410973940584,0.13158924727605856,0.1050909808472379,0.012526379320438935,0.011277185801898026,0.04915486401324501,0.00027473841758999477,3.274760217179835e-05,2.9481846654238852e-05,0.00012850512429302593,0.3884281670384482,0.0708465662665369,0.06513567945162439,0.2115005778335453,0.28133213961215464,0.03353354462392151,0.030189410973940584,0.13158924727605856,0.203764246507176,0.015872309334145837,0.013992339415609721,0.0818708401463918
1024,9,0.2,0,0.47099223732948303,0.06467059999704361,1.6183223724365234,0.0015803929418325424,0.389016330242157,4.2559051513671875,194.83364868164062,4.034419004413533,65.66636900131589,12.97110032914454,0.380253392610652,0.008306174951744974,0.02464461484697127,0.1247636924679661,0.09140625,0.001996658856796405,0.005924133405858964,0.029991004646543588,0.00037134120372133984,8.111498976313451e-06,2.406700668649538e-05,0.00012183954342574815,0.5080090926513127,0.02384151599198313,0.05691026866123842,0.20829727250554145,0.380253392610652,0.008306174951744974,0.02464461484697127,0.1247636924679661,0.2846260917049297,0.0028937984628240425,0.010672187203523564,0.07472963409939568
1024,9,0.2,1,0.477990061044693,0.04856870323419571,1.6188796758651733,0.0015809371834620833,0.38912317156791687,2.400421142578125,222.0060577392578,3.6777481745894196,49.744602607984085,9.98347816408225,0.6744148546060744,0.007292051813137995,0.03254382568140851,0.16215587886889438,0.16210620905879325,0.0017527592513936496,0.007822419944419498,0.038976713843865834,0.0006586082564512446,7.1211443487675735e-06,3.17810797670005e-05,0.00015835535045790466,0.8034976596305891,0.021484374339353043,0.0710915197070771,0.25691477020484005,0.6744148546060744,0.007292051813137995,0.03254382568140851,0.16215587886889438,0.5660693477594506,0.0024750089905150267,0.014897706426107974,0.10234728439621718
1024,9,0.2,2,0.49102097749710083,0.0468858927488327,1.6187843084335327,0.0015808440512046218,0.38867682218551636,2.2369842529296875,129.11630249023438,3.9548981737579503,61.859430692150795,12.503752486575785,0.723645821964762,0.012537412218383255,0.02616875535905856,0.12946387975701565,0.17375036130740845,0.003010284640198039,0.006283226629093997,0.031084814147017515,0.0007066853730124629,1.2243566619514898e-05,2.5555425155330624e-05,0.0001264295700752106,0.8500777408550483,0.03314393903300676,0.059712362044424545,0.21456391823224197,0.723645821964762,0.012537412218383255,0.02616875535905856,0.12946387975701565,0.6160181010272434,0.004742547497964246,0.011468374949441437,0.0781160984560189
1024,9,0.2,3,0.4941013753414154,0.04209182783961296,1.6188843250274658,0.0015809417236596346,0.38882264494895935,1.8029327392578125,237.7797393798828,3.8184027198738346,55.67307278232725,11.912754575035164,0.8979172044398555,0.0068083358542213555,0.029078408000884785,0.13589504550190795,0.21566120381674383,0.0016352219325455927,0.0069840342111022555,0.0326391887367336,0.0008768722699607963,6.6487654826380425e-06,2.8396882813364048e-05,0.00013271000537295698,1.0102577666919939,0.020336487337147116,0.0649680249540429,0.22305196949814649,0.8979172044398555,0.0068083358542213555,0.029078408000884785,0.13589504550190795,0.798068901434039,0.002279323677457598,0.013014922532492692,0.08279444218096937
1024,9,0.2,4,0.4980270266532898,0.04317082092165947,1.6191380023956299,0.0015811894554644823,0.3888249397277832,1.896514892578125,215.2263641357422,4.238251885856363,76.13078217525891,11.912399176693448,0.8537438902968864,0.00752295383930961,0.02126784930001441,0.13592039507570108,0.2050207679620243,0.0018065860160261466,0.005107328844102485,0.032640355142607824,0.0008337342678680531,7.346634608700791e-06,2.0769384082045323e-05,0.00013273476081611434,0.9703286625712556,0.022027615688741554,0.05058661652470802,0.22309224599458158,0.8537438902968864,0.00752295383930961,0.02126784930001441,0.13592039507570108,0.7511667523948228,0.002569267380913549,0.008941523369668263,0.08281038059020379
1024,9,0.2,5,0.4929710328578949,0.05183868110179901,1.6181840896606445,0.0015802579000592232,0.3886743485927582,2.73455810546875,180.50344848632812,3.9435964336771145,61.330625723849636,10.37332015232059,0.5917534121599,0.008964837532082999,0.026384601013965874,0.15599480840265445,0.1421342438529507,0.0021532793520130313,0.006337361538472196,0.037468654479521565,0.0005778841915624023,8.754724152424804e-06,2.576621192770105e-05,0.00015233868008071724,0.7236327303234528,0.02534192049225294,0.06010159675409451,0.2490541033073668,0.5917534121599,0.008964837532082999,0.026384601013965874,0.15599480840265445,0.48390859911265055,0.0031713583822983228,0.011582839862216188,0.09770720468134153
1024,9,0.2,6,0.4882412850856781,0.0481237955391407,1.6183061599731445,0.001580377109348774,0.3888968825340271,2.356658935546875,217.6232452392578,3.6585857562995714,48.97108402936699,8.324736435127587,0.686695107027699,0.007436274365791935,0.0330461575856209,0.1943972848370835,0.16502043493356902,0.0017870190388277172,0.007941357440664645,0.046715819241197006,0.0006706006904567373,7.261986685343686e-06,3.227163826720791e-05,0.00018984109847371435,0.8151232855384705,0.021822095970533275,0.0719629425206649,0.29700536429104785,0.686695107027699,0.007436274365791935,0.0330461575856209,0.1943972848370835,0.5785016553714042,0.002534045149375397,0.015175151167006502,0.12723778387718915
1024,9,0.2,7,0.479518324136734,0.054508425295352936,1.620293378829956,0.001582317752763629,0.3895096182823181,3.0234832763671875,213.6279754638672,3.9541843311450804,61.825940630566755,12.843936601570205,0.5359028745073102,0.007584649788079889,0.02620733889859951,0.12615239619229132,0.12882810410326676,0.0018233081010880963,0.006300100157145761,0.03032634233298065,0.0005233426508860451,7.406884558671767e-06,2.5593104393163585e-05,0.0001231956994065345,0.6686326821591757,0.022175180191487513,0.05979392622869867,0.21020117276922856,0.5359028745073102,0.007584649788079889,0.02620733889859951,0.12615239619229132,0.4295211684504955,0.0025942027037012955,0.011486528071749182,0.07571045801218552
1024,9,0.22,0,0.4527568221092224,0.053178079426288605,1.5620214939117432,0.0015254116151481867,0.4147370457649231,2.8776702880859375,175.45559692382812,0.07874506711959839,0.0004882812779252773,0.0,0.5428076664581024,0.008902659825607475,3199.019836576209,1562021493911.7432,0.14412250336044669,0.0023637721055144,849.3814211496168,414737045764.9231,0.0005300856117754906,8.6940037359448e-06,3.124042809156454,1525411615.1481867,0.6705855323276533,0.025023797929983008,696.2271381453041,6218519572.849517,0.5428076664581024,0.008902659825607475,3199.019836576209,1562021493911.7432,0.4393774523332947,0.003167279091377283,14698.835127383776,392362059628322.7
1024,9,0.22,1,0.45911818742752075,0.04440785571932793,1.5636796951293945,0.0015270309522747993,0.4149276316165924,2.0067901611328125,193.54800415039062,3.8337968798207647,56.34914084919072,10.323020690706326,0.7791944197328102,0.008079027742979899,0.027749840930393743,0.1514750131748892,0.20676184269429046,0.002143797004975497,0.007363513007715211,0.04019440084917645,0.0007609320505203225,7.889675530253807e-06,2.709945403358764e-05,0.00014792481755360274,0.8956662842097205,0.023158841954432404,0.06214954560546942,0.24160301994884534,0.7791944197328102,0.008079027742979899,0.027749840930393743,0.1514750131748892,0.677868481203863,0.00281839175725048,0.012390334702533817,0.09496851331242026
1024,9,0.22,2,0.4414566457271576,0.05559348687529564,1.5623685121536255,0.0015257505001500249,0.4150729179382324,3.14501953125,158.26602172851562,3.999058476199003,63.954817494322334,12.147447345687834,0.4967754561233698,0.009871787355808194,0.02442925448567384,0.12861702279436046,0.13197785063460643,0.0026226281131286346,0.006490096199165622,0.03416955893087919,0.00048513228137047834,9.640417339656439e-06,2.3856693833665858e-05,0.00012560256132261764,0.6247191230083508,0.027181494339994602,0.05611576224148297,0.2119314733875554,0.4967754561233698,0.009871787355808194,0.02442925448567384,0.12861702279436046,0.39503489603164155,0.0035852401777228373,0.010634952656575443,0.07805512927395332
1024,9,0.22,3,0.44382983446121216,0.05737193301320076,1.5625314712524414,0.0015259096398949623,0.4150342047214508,3.3494873046875,160.11746215820312,3.9596739467411433,62.08379815258452,12.403582470865153,0.4664986993877328,0.00975865748926617,0.025168103720268183,0.12597420744552476,0.12390977094931029,0.0025920608478754094,0.006685064655699921,0.033460833246872594,0.0004555651361208328,9.529938954361494e-06,2.4578226289324397e-05,0.00012302168695852027,0.5940816040076432,0.026932571094440694,0.05747065550780015,0.2084447985749446,0.4664986993877328,0.00975865748926617,0.025168103720268183,0.12597420744552476,0.3663150568244939,0.0035359192280185964,0.011021858708192478,0.07613287090885291
1024,9,0.22,4,0.45853471755981445,0.04697916656732559,1.562412977218628,0.0015257939230650663,0.41466498374938965,2.24591064453125,177.79244995117188,3.8811988287791785,58.46523167453948,9.68530494024785,0.6956701420971818,0.008787847727210701,0.026723796904050065,0.1613178920909273,0.18463111377965594,0.00233229804675773,0.0070925056118432955,0.04281382840371139,0.0006793653731417791,8.5818825461042e-06,2.609745791411139e-05,0.0001575370039950462,0.8178654434196432,0.024766531333417142,0.06029449992504574,0.25404180998844694,0.6956701420971818,0.008787847727210701,0.026723796904050065,0.1613178920909273,0.5917317457282482,0.0031181705115258477,0.01184455168973481,0.10243771412998334
1024,9,0.22,5,0.4600552022457123,0.04613697901368141,1.562678575515747,0.0015260532964020967,0.4147268235683441,2.166107177734375,205.46920776367188,3.879076257825468,58.369362779042355,10.821851452075093,0.7214225554389326,0.0076054149063207585,0.02677223976953934,0.14440029808541707,0.19146182046362303,0.0020184378383614433,0.0071052141709734866,0.03832309336391974,0.0007045142142958326,7.427162994453866e-06,2.6144765399940763e-05,0.0001410159160990401,0.8420263935661001,0.022063390967978283,0.06038397466528314,0.23250291562935055,0.7214225554389326,0.0076054149063207585,0.02677223976953934,0.14440029808541707,0.6180928620204632,0.0026216430638987234,0.01186991790869623,0.08968251443520857
1024,9,0.22,6,0.457751989364624,0.0479755662381649,1.5626211166381836,0.0015259971842169762,0.41488727927207947,2.342193603515625,199.69381713867188,3.9663249652580705,62.39716824020822,9.4864492429103,0.6671613799528333,0.007825085117948665,0.025043141551273854,0.16472139117868667,0.17713620199856026,0.002077617050026003,0.006649136346619166,0.04373472820530248,0.0006515247851101888,7.641684685496744e-06,2.4456192921165873e-05,0.0001608607335729362,0.7909617033709538,0.022571581740025323,0.057242920671261584,0.2583275582754433,0.6671613799528333,0.007825085117948665,0.025043141551273854,0.16472139117868667,0.5627381262627565,0.002712789817231169,0.010956096079702653,0.10503384498726631
1024,9,0.22,7,0.4567146301269531,0.049251656979322433,1.5628663301467896,0.0015262366505339742,0.4149148464202881,2.4683685302734375,164.09597778320312,3.8578497662227766,57.41639666068837,10.814456998897908,0.6331576144238318,0.009524098952696966,0.027219860894141527,0.14451639414776535,0.16809274682104508,0.002528488827242655,0.007226417374679494,0.038366683270604496,0.0006183179828357732,9.300877883493131e-06,2.6581895404435085e-05,0.0001411292911599271,0.7585668055238264,0.026414566406235285,0.061191780228777054,0.2326580375299853,0.6331576144238318,0.009524098952696966,0.027219860894141527,0.14451639414776535,0.5284815546681418,0.0034340317938874546,0.012108175711285772,0.08976688877460583
1024,9,0.25,0,0.39524832367897034,0.05922355875372887,1.4834598302841187,0.0014486912405118346,0.45143866539001465,3.56915283203125,154.24752807617188,4.098964090540295,68.86877228406885,13.723112232596895,0.41563359713006826,0.009617397755324438,0.02154038443091691,0.10809937316991511,0.12648342243531646,0.002926715721285862,0.006555056093172786,0.03289623066097934,0.0004058921846973323,9.391989995434022e-06,2.1035531670817294e-05,0.00010556579411124522,0.5360726801409456,0.02634518305262296,0.050217827213840466,0.182521361073654,0.41563359713006826,0.009617397755324438,0.02154038443091691,0.10809937316991511,0.3222534806620992,0.0035108634242308175,0.009239510890343904,0.06402250350857865
1024,9,0.25,1,0.4065212607383728,0.05690339580178261,1.4844304323196411,0.0014496390940621495,0.4511341452598572,3.29498291015625,155.49227905273438,3.9456812035949795,61.4279438829461,11.16414247551353,0.45051233126099843,0.009546650427679463,0.024165393442897823,0.13296412470330463,0.13691547348221728,0.0029013282717842053,0.007344119251647344,0.040409207088617505,0.0004399534484970688,9.322900808280726e-06,2.3599017034079905e-05,0.00012984777803057092,0.5718436674272953,0.02619345493742211,0.05506391246655206,0.21542671202486605,0.45051233126099843,0.009546650427679463,0.024165393442897823,0.13296412470330463,0.3549245574954702,0.0034794392189212327,0.010605244235138079,0.08206716006543914
1024,9,0.25,2,0.4027467668056488,0.05385878309607506,1.4840528964996338,0.0014492704067379236,0.4514935612678528,2.9518585205078125,157.10659790039062,4.206806779908862,74.4487988945348,12.575971057081247,0.5027520411934682,0.009446152588961025,0.019933872923886438,0.11800702226203016,0.15295230382185854,0.0028738039477763408,0.0060644841551768325,0.03590128819624047,0.0004909687902279963,9.224758387657251e-06,1.946667277723285e-05,0.00011524123267776383,0.6242706975564657,0.025971309128259082,0.047202306922439236,0.19580156447613734,0.5027520411934682,0.009446152588961025,0.019933872923886438,0.11800702226203016,0.40488784098557895,0.0034357066212286225,0.008418217575648925,0.07112127699494672
1024,9,0.25,3,0.40223607420921326,0.0628872960805893,1.486276388168335,0.0014514417853206396,0.45187607407569885,4.024383544921875,149.85781860351562,3.8241287985085353,55.92391066680923,9.449804896307475,0.369317777885206,0.009917910203274954,0.02657676064579007,0.15728117188420468,0.11228454470893903,0.003015365352883216,0.008080194476526241,0.04781856123318166,0.00036066189246602146,9.685459182885698e-06,2.5953867818154364e-05,0.00015359489441816863,0.48791041278068303,0.027011957216240067,0.05943216509557062,0.24646843348379197,0.369317777885206,0.009917910203274954,0.02657676064579007,0.15728117188420468,0.27955054347933445,0.0036415333406898303,0.011884544426200905,0.10036728306181039
1024,9,0.25,4,0.4000188708305359,0.060606956481933594,1.4839845895767212,0.0014492037007585168,0.4511791169643402,3.73785400390625,159.3835906982422,4.135415939654804,70.72249801062163,12.027118873840154,0.3970151290087523,0.009310773982914715,0.020983203808126873,0.12338654046269502,0.12070538776871295,0.00283077520708232,0.006379569863278567,0.03751348279642327,0.00038771008692260967,9.092552717690151e-06,2.04914099688739e-05,0.00012049466842060061,0.5168107319937788,0.025672874967483023,0.04917941035008602,0.20290843828003144,0.3970151290087523,0.009310773982914715,0.020983203808126873,0.12338654046269502,0.30498788609469824,0.003376735650787954,0.008952828814317412,0.07503008990854039
1024,9,0.25,5,0.3942178785800934,0.05330951139330864,1.485033392906189,0.0014502279227599502,0.45163002610206604,2.89190673828125,156.82530212402344,3.770535089401284,53.60545175489448,12.046174139138298,0.5135135837018003,0.00946934820333882,0.027703029156369286,0.12327842647411855,0.1561703287743241,0.0028798288285451527,0.008425076392735178,0.03749157374661467,0.0005014781090837894,9.247410354823067e-06,2.705373941051688e-05,0.00012038908835363139,0.6350220313354787,0.026025753562190557,0.06142837844226952,0.20279484438562265,0.5135135837018003,0.00946934820333882,0.027703029156369286,0.12327842647411855,0.41525520003093647,0.0034453778708772513,0.012493538717775282,0.0749406153789386
1024,9,0.25,6,0.3949919641017914,0.07038992643356323,1.4846959114074707,0.0014498983509838581,0.45186319947242737,5.041961669921875,146.29161071777344,4.093904640933198,68.61406780264434,11.912387676362409,0.29446790923947586,0.010148879379500127,0.021638360163660948,0.12463462000599031,0.08962051460407651,0.0030887840885432884,0.0065855766017564816,0.037932210716165114,0.00028756631761667564,9.911015019043093e-06,2.1131211097325145e-05,0.00012171349609959991,0.4069657687098312,0.027508187458003663,0.050408871924360596,0.20456835724829697,0.29446790923947586,0.010148879379500127,0.021638360163660948,0.12463462000599031,0.21306791931606864,0.0037443307675902337,0.009288417151545852,0.07593446373127641
1024,9,0.25,7,0.4017792344093323,0.06036951392889023,1.4843008518218994,0.0014495125506073236,0.4518201947212219,3.7086029052734375,157.77587890625,3.6751435759844364,49.63898935248742,9.19775072961709,0.4002318095882689,0.009407653832205029,0.029901915232033643,0.16137650339255194,0.12183029735503832,0.002863683586194391,0.009102123161953158,0.049122900587677876,0.0003908513765510439,9.187161945512724e-06,2.9201089093782855e-05,0.000157594241594289,0.5201800227605213,0.025887460555983222,0.06529254426035468,0.2515223767937043,0.4002318095882689,0.009407653832205029,0.029901915232033643,0.16137650339255194,0.3079424322299398,0.003418796155582999,0.01369412916394244,0.1035390018939189
1024,9,0.28,0,0.36076027154922485,0.06974707543849945,1.4119603633880615,0.0013788675423711538,0.4846365451812744,4.9502410888671875,126.51640319824219,3.7715878327419876,53.650364642856005,9.254054913535581,0.28523062574941666,0.011160294852641521,0.026317814851535698,0.15257747836819474,0.0979016044837078,0.00383062221917488,0.00903323860718266,0.05237018255342461,0.0002785455329584147,1.0898725442032735e-05,2.570099106595283e-05,0.00014900144371894018,0.39275473073977557,0.02938360221493782,0.05836659564493351,0.238098603145635,0.28523062574941666,0.011160294852641521,0.026317814851535698,0.15257747836819474,0.20714329707032234,0.004238832947941893,0.01186684559732132,0.09777414313916659
1024,9,0.28,1,0.3378084599971771,0.08017333596944809,1.4113267660140991,0.0013782487949356437,0.48551636934280396,6.540885925292969,107.09764099121094,3.995197116226601,63.769738280395885,12.222791578905108,0.21576997093874334,0.013177944471530619,0.02213160668479597,0.11546681107201885,0.07422792185770424,0.004533399287316219,0.007613585729456593,0.039722216173655435,0.00021071286224486654,1.286908639797912e-05,2.1612897153121066e-05,0.00011276055768751841,0.31413644025659304,0.03355858605824396,0.0508084411312799,0.19049836519246258,0.21576997093874334,0.013177944471530619,0.02213160668479597,0.11546681107201885,0.14820528405070643,0.005174777631970097,0.009640288179378101,0.06998792060851147
1024,9,0.28,2,0.3703031539916992,0.06008429825305939,1.4122531414031982,0.0013791534584015608,0.48471903800964355,3.6736602783203125,134.4219512939453,4.043301979895479,66.10107696641118,12.112113676307185,0.3844267118920737,0.010506119929139949,0.02136505494639407,0.11659840545963028,0.131944437233393,0.003605951508245041,0.007332997588767733,0.04001936003604514,0.00037541671083210325,1.0259882743300731e-05,2.0864311471087958e-05,0.0001138656303316702,0.49869309563612013,0.02799860496716938,0.04940213534315846,0.192015637675044,0.3844267118920737,0.010506119929139949,0.02136505494639407,0.11659840545963028,0.29634237592089,0.003942287699508577,0.00923979438726128,0.07080250504771927
1024,9,0.28,3,0.33389154076576233,0.06524331867694855,1.41253662109375,0.0013794302940368652,0.48599863052368164,4.33160400390625,116.488037109375,3.6447789884918382,48.41875256585299,10.05166739091161,0.3261001282249997,0.012126023033313423,0.029173337730512543,0.14052759270277082,0.11219830577435218,0.004172090478847705,0.010037405029439544,0.04835005095404427,0.00031845715646972624,1.184181936847014e-05,2.8489587627453656e-05,0.00013723397724879963,0.4372005693765851,0.03140325417029878,0.06338534215436067,0.22295089934185564,0.3261001282249997,0.012126023033313423,0.029173337730512543,0.14052759270277082,0.24323228531014005,0.004682331130622718,0.013427136391658576,0.08857557591887437
1024,9,0.28,4,0.3618563711643219,0.06989576667547226,1.4120560884475708,0.0013789610238745809,0.48472699522972107,4.971405029296875,114.23355865478516,3.3808237270073604,38.64271064128308,8.36025756272616,0.28403561571149705,0.012361131921967142,0.03654133121135224,0.16890102701418683,0.09750301823592875,0.004243297687105857,0.012543814530233129,0.05797991169445006,0.00027737853096825883,1.2071417892546038e-05,3.568489376108617e-05,0.00016494240919354182,0.39144308894267804,0.031887243828049854,0.0758923291074603,0.2582713435690823,0.28403561571149705,0.012361131921967142,0.03654133121135224,0.16890102701418683,0.20609951554010766,0.004791809013542449,0.017594253627491938,0.11045575762382841
1024,9,0.28,5,0.3698331415653229,0.06593109667301178,1.411714792251587,0.0013786277268081903,0.4845966398715973,4.42340087890625,138.00424194335938,4.359293981042449,82.8415991056147,12.59126701435864,0.3191469258378983,0.010229502893331296,0.01704113401350199,0.1121185652438088,0.10955295555111903,0.0035114619162973895,0.0058496775183417855,0.038486725705918254,0.00031166691976357254,9.989748919268844e-06,1.6641732435060538e-05,0.00010949078637090703,0.42967682024460174,0.027405202576822954,0.04122381557355806,0.18607645274304316,0.3191469258378983,0.010229502893331296,0.01704113401350199,0.1121185652438088,0.23704969752335756,0.0038183527069846034,0.007044477674512112,0.06755595609772923
1024,9,0.28,6,0.3582676351070404,0.06831847876310349,1.4122397899627686,0.0013791404198855162,0.4849184453487396,4.7495574951171875,125.79850769042969,4.161140495632046,72.05052311822728,12.616122698916428,0.29734133999106876,0.011226204633826566,0.019600687529297084,0.1119392878197089,0.10209760506052681,0.0038547233528560413,0.0067302557200457774,0.03843640846885456,0.0002903724023350281,1.0963090462721256e-05,1.9141296415329184e-05,0.00010931571076143447,0.40605599252965713,0.029523514314564073,0.046110383360577184,0.1858522059770146,0.29734133999106876,0.011226204633826566,0.019600687529297084,0.1119392878197089,0.21773320451914524,0.004268721844485128,0.008331896714387525,0.06742133671059752
1024,9,0.28,7,0.3382047414779663,0.07805725187063217,1.4118642807006836,0.0013787737116217613,0.48518285155296326,6.200157165527344,119.87077331542969,3.955258029682686,61.87631798522272,11.119219165806028,0.22771427288175847,0.011778219507982012,0.022817522546151898,0.1269751283473634,0.07825331497249181,0.004047549190962889,0.007841171991986248,0.04363461537344313,0.00022237721961109225,1.1502167488263683e-05,2.2282736861476463e-05,0.00012399914877672208,0.32799769540096346,0.030677665330547128,0.052068297892228284,0.20555759061695925,0.22771427288175847,0.011778219507982012,0.022817522546151898,0.1269751283473634,0.15809193418471695,0.0045220668940563705,0.009999161797487157,0.07843389859960362
1024,12,0.2,0,0.583063006401062,0.023804636672139168,1.6184196472167969,0.0015804879367351532,0.36883607506752014,0.576690673828125,259.8063659667969,3.8290919953923774,56.141938186072615,8.82723872638038,2.806391226120548,0.006229330221352736,0.02882728490514219,0.1833438176289622,0.6395735041441764,0.0014196575734201108,0.006569706835647135,0.04178385636781819,0.002740616431758348,6.083330294289782e-06,2.815164541517792e-05,0.0001790466969032834,2.5138351790623212,0.018939622190644278,0.0645150771072953,0.28342048995760594,2.806391226120548,0.006229330221352736,0.02882728490514219,0.1833438176289622,3.1329944698220578,0.0020488558122256028,0.012880901523533458,0.11860453514772443
1024,12,0.2,1,0.584408700466156,0.024062300100922585,1.6184676885604858,0.0015805348521098495,0.3689908981323242,0.58917236328125,340.6872253417969,3.947617094268156,61.51840441356677,6.892352645386567,2.747019020964985,0.004750596935170512,0.026308674680183382,0.23482078933436695,0.6262868408784834,0.0010830781745988023,0.005998057031058985,0.053536276670247025,0.0026826357626611183,4.6392548195024535e-06,2.5692065117366584e-05,0.00022931717708434273,2.471212772521871,0.015248227189699272,0.0599652962053289,0.3454697626016906,2.747019020964985,0.004750596935170512,0.026308674680183382,0.23482078933436695,3.0536073564570567,0.0014800521371885825,0.011542448836702548,0.15961108343710456
1024,12,0.2,2,0.5805091857910156,0.021097680553793907,1.6185375452041626,0.00158060307148844,0.3687613606452942,0.45294189453125,288.9920654296875,3.761770882905004,53.23251948240314,6.980260384716673,3.5733889153247542,0.005600629701710468,0.030405052417990398,0.2318735198973324,0.8141471678766339,0.0012760259009083929,0.00692737004054813,0.0528291697330804,0.0034896376126218303,5.469364943076629e-06,2.9692434001943748e-05,0.00022643898427473867,3.0499223630008774,0.017394583847772736,0.0673257439102461,0.34199950655675593,3.5733889153247542,0.005600629701710468,0.030405052417990398,0.2318735198973324,4.186699469819307,0.001803265506676541,0.013731258785245325,0.15720879182220712
1024,12,0.2,3,0.5829874277114868,0.01951334811747074,1.618605613708496,0.0015806695446372032,0.3689825236797333,0.387542724609375,234.78128051757812,3.780822002291933,54.04539495549887,6.507380200908036,4.176586246948578,0.006894099947577851,0.029949001483683492,0.2487338320085611,0.9521079877106465,0.0015716011211213557,0.006827270371204698,0.0567021615900429,0.004078697506785721,6.732519480056495e-06,2.924707176140966e-05,0.00024290413282086046,3.4552969094453942,0.020540464890421193,0.06651721941478406,0.36175629491356354,4.176586246948578,0.006894099947577851,0.029949001483683492,0.2487338320085611,5.048443921133224,0.0023139015762665307,0.013484368375000392,0.1710226471676068
1024,12,0.2,4,0.5835088491439819,0.022715140134096146,1.619373083114624,0.001581419026479125,0.3690955936908722,0.525115966796875,343.5433654785156,3.816147951888907,55.57450610890081,8.03072406537861,3.083838971784739,0.004713737029556741,0.029138775969351622,0.20164720764045804,0.7028839666451153,0.001074378465078973,0.006641455219909869,0.04596043777448243,0.003011561495883534,4.603258817926505e-06,2.8455835907569943e-05,0.0001969211012113848,2.711082522508851,0.015155199704566785,0.0650798325454998,0.30587441599064996,3.083838971784739,0.004713737029556741,0.029138775969351622,0.20164720764045804,3.507847040781956,0.0014661183763298715,0.013046564992287705,0.13293559128670948
1024,12,0.2,5,0.5825427174568176,0.023719416931271553,1.618419885635376,0.0015804881695657969,0.36870276927948,0.572540283203125,317.6891174316406,4.165780005734924,72.29179253249941,7.424834231952844,2.8267353985661745,0.005094351039530407,0.022387325434042888,0.21797387457762904,0.6439769918314588,0.0011605772720836632,0.005100202337820388,0.04965804727232349,0.00276048378766228,4.974952187041413e-06,2.1862622494182508e-05,0.00021286511189221586,2.528403409002174,0.016124614313107816,0.052701140174608314,0.3254931073914864,2.8267353985661745,0.005094351039530407,0.022387325434042888,0.21797387457762904,3.160268248752468,0.0016094904355552638,0.009510085330776597,0.14597117087717076
1024,12,0.2,6,0.5817193984985352,0.024501193314790726,1.6192480325698853,0.0015812969068065286,0.36906594038009644,0.61083984375,300.3794860839844,3.7014713370135306,50.71345184397284,7.169092725654145,2.6508552923286373,0.0053906744887270795,0.03192935944395449,0.22586512610940412,0.604194281293715,0.0012286655962814575,0.0072774762308742144,0.051480146024533525,0.002588725871414685,5.2643305553975385e-06,3.1181015081986805e-05,0.00022057141221621496,2.401991643338367,0.01687241162696189,0.07001882852568544,0.3349207229152401,2.6508552923286373,0.0053906744887270795,0.03192935944395449,0.22586512610940412,2.9255030092862193,0.0017223010015341533,0.014560140693117448,0.15231979301957868
1024,12,0.2,7,0.5850120782852173,0.02285737730562687,1.61834716796875,0.0015804171562194824,0.36882704496383667,0.531646728515625,265.70941162109375,3.8837781278903454,58.58187055174133,7.833570610982355,3.0440273233453876,0.006090665581227289,0.027625392510117534,0.2065912529976932,0.6937445961411515,0.0013880842335001308,0.0062959246860865795,0.047082877436089715,0.00297268293295448,5.947915606667274e-06,2.6977922373161654e-05,0.00020174927050555977,2.682706586465328,0.01860142185131095,0.062353538501262594,0.31181993895692706,3.0440273233453876,0.006090665581227289,0.027625392510117534,0.2065912529976932,3.4540125975841764,0.0019942672941279686,0.012239278310125171,0.13687369049563067
1024,12,0.22,0,0.5536875128746033,0.024899296462535858,1.5644710063934326,0.0015278037171810865,0.392971009016037,0.630889892578125,222.8415069580078,4.209073501153131,74.56920776616273,8.895405015417538,2.4797845468727324,0.0070205547779222345,0.020980121061489172,0.17587406123519814,0.6228836658171286,0.0017634551766430493,0.005269883116477944,0.04417685404261399,0.0024216645965554028,6.856010525314682e-06,2.048839947411052e-05,0.00017175201292499818,2.2615420293083113,0.020700014497583016,0.049695823967521355,0.27229203497690224,2.4797845468727324,0.0070205547779222345,0.020980121061489172,0.17587406123519814,2.7190878255707527,0.002381070283576938,0.008857192508618252,0.11359746684469148
1024,12,0.22,1,0.5518707036972046,0.02428937330842018,1.5629669427871704,0.001526334905065596,0.3927689492702484,0.600311279296875,262.01580810546875,3.9962008698068177,63.81781489657562,8.239021306189759,2.6035941630445834,0.005965162766660369,0.02449107581198361,0.18970298591326068,0.6542754780991052,0.0014990276812311563,0.006154534590486643,0.047671796767314034,0.002542572424848226,5.825354264316767e-06,2.3917066222640244e-05,0.00018525682218091863,2.350978134352166,0.01816719163226504,0.056233646783536116,0.2892339654653188,2.6035941630445834,0.005965162766660369,0.02449107581198361,0.18970298591326068,2.8833541523803925,0.0019586498316864383,0.010666439555969534,0.12442253386980548
1024,12,0.22,2,0.5547951459884644,0.02554323524236679,1.5634725093841553,0.0015268286224454641,0.39291542768478394,0.664031982421875,306.14093017578125,3.686211835815614,50.08882773516601,6.808332622630996,2.3545138649524335,0.005107035209197392,0.031213996814832296,0.22964102902187095,0.5917116013775909,0.0012834462463388288,0.007844372596664479,0.05771096235497182,0.002299329946242611,4.987339071481828e-06,3.0482418764484664e-05,0.00022425881740417085,2.169397081920633,0.016045495441839988,0.0682806356171178,0.3370215233598181,2.3545138649524335,0.005107035209197392,0.031213996814832296,0.22964102902187095,2.555426844838018,0.0016254910122607577,0.014269252011943817,0.15647369249447524
1024,12,0.22,3,0.5584683418273926,0.023860832676291466,1.5627186298370361,0.0015260924119502306,0.39263615012168884,0.579345703125,196.52053833007812,3.971039461331677,62.619934407945536,6.941101023598286,2.6973853804519594,0.007951935421692547,0.02495560949739274,0.22513987687603465,0.6777234179934418,0.0019979395205106383,0.006270146301396783,0.05656683986975674,0.0026341654105976166,7.765561935246628e-06,2.43707123997976e-05,0.0002198631610117526,2.418413493934675,0.022864116982617685,0.057083514384539846,0.3316943678713458,2.6973853804519594,0.007951935421692547,0.02495560949739274,0.22513987687603465,3.008537584215322,0.002765612028614154,0.010910022834106189,0.15281526932473077
1024,12,0.22,4,0.5559698939323425,0.027010267600417137,1.5620253086090088,0.0015254153404384851,0.39230990409851074,0.742431640625,283.52520751953125,4.244041401724019,76.4431959317519,8.389968372424478,2.1039314909774744,0.005509299586709254,0.020433804337583912,0.18617773503687535,0.5284121562602763,0.0013836861545070403,0.005132044772810951,0.04675940202443738,0.00205462059665769,5.380175377645756e-06,1.995488704842179e-05,0.00018181419437194858,1.982270365828481,0.01704569544457617,0.04864262433326393,0.28489170691581767,2.1039314909774744,0.005509299586709254,0.020433804337583912,0.18617773503687535,2.2330595235815127,0.0017806479081364018,0.008583837024211107,0.12166780633492866
1024,12,0.22,5,0.5549013614654541,0.023778866976499557,1.563618779182434,0.0015269714640453458,0.39279553294181824,0.575439453125,162.04969787597656,0.07874506711959839,0.0004882812779252773,0.0,2.7172602967888206,0.009649007678984611,3202.2910766234986,1563618779182.434,0.6826009770596893,0.002423920180600652,804.4452054578438,392795532941.81824,0.0026535745085828327,9.422859061508409e-06,3.1272373795151354,1526971464.0453458,2.432938719125126,0.02669391647080795,696.9390831199088,6224878480.046332,2.7172602967888206,0.009649007678984611,3202.2910766234986,1563618779182.434,3.0348086708735282,0.0034878115128186733,14713.865799456342,392763279548192.56
1024,12,0.22,6,0.5559590458869934,0.025850530713796616,1.5633018016815186,0.001526661915704608,0.39270907640457153,0.67999267578125,270.4549865722656,3.885177611091737,58.645221665180976,8.113807039099504,2.2989980000673187,0.005780266141492659,0.02665693397165019,0.1926717993351514,0.57751956806503,0.0014520311915182217,0.006696352494780184,0.04840010053383715,0.002245115234440741,5.644791153801425e-06,2.603216208168964e-05,0.0001881560540382338,2.1283323217242214,0.01771604740887551,0.06018062900885908,0.29286204338636634,2.2989980000673187,0.005780266141492659,0.02665693397165019,0.1926717993351514,2.4833489349218216,0.0018859441892071088,0.011807655394633928,0.1267573695443696
1024,12,0.22,7,0.5586485862731934,0.02310301549732685,1.5628383159637451,0.0015262092929333448,0.392601877450943,0.54315185546875,279.6895446777344,3.5069124861172196,43.12953591097881,6.149203165029663,2.8773505976795146,0.005587760950322574,0.03623591775226865,0.25415298112958123,0.7228215709805877,0.0014037059479763863,0.009102854207874852,0.06384597596053718,0.002809912693046401,5.4567978030493886e-06,3.538663842994985e-05,0.0002481962706343567,2.54669559004557,0.01724142132309316,0.07692973248616473,0.36547609554308547,2.8773505976795146,0.005587760950322574,0.03623591775226865,0.25415298112958123,3.2509368195900143,0.0018109337886273711,0.01706806579088676,0.17673861192226295
1024,12,0.25,0,0.5190969705581665,0.02395741082727909,1.484034776687622,0.001449252711609006,0.4251943528652191,0.5841064453125,223.9631805419922,3.805822733942892,55.124627540049886,7.489854680414371,2.540692349137931,0.006626244425964345,0.02692144768886504,0.1981393284663193,0.7279398408927639,0.0018985011368218934,0.0077133283586596785,0.05676937283938004,0.0024811448722050107,6.470941822230806e-06,2.6290476258657265e-05,0.00019349543795538993,2.281657639356407,0.019557024380879445,0.06002988948089385,0.29639124092693137,2.540692349137931,0.006626244425964345,0.02692144768886504,0.1981393284663193,2.8291350558573853,0.0022450815797699147,0.012073391304426319,0.13245733363207735
1024,12,0.25,1,0.518406867980957,0.027654659003019333,1.4848700761795044,0.0014500684337690473,0.42541876435279846,0.778228759765625,263.2551574707031,0.07874506711959839,0.0004882812779252773,0.0,1.9080123389769028,0.00564042159874779,3041.0137420971055,1484870076179.5044,0.5466500164821968,0.001615994035748918,871.2575795664669,425418764352.79846,0.0018632932997821317,5.508224217527138e-06,2.9697399825167046,1450068433.7690473,1.8146907862621589,0.01719439679027125,661.8390641137157,5911374246.673792,1.9080123389769028,0.00564042159874779,3041.0137420971055,1484870076179.5044,2.0061330080298245,0.0018502746097857547,13972.829772457357,372982499690988.94
1024,12,0.25,2,0.5122960209846497,0.029098739847540855,1.4847010374069214,0.0014499033568426967,0.42554473876953125,0.861602783203125,214.93447875976562,4.060000963565837,66.92346364911282,7.13632858873203,1.723185052730847,0.006907691339119147,0.022185059715249863,0.20804830087997958,0.49389898345907274,0.0019798812234549244,0.006358677742692903,0.059630765803223934,0.0016827979030574678,6.745792323358542e-06,2.1665097378173694e-05,0.00020317216882810506,1.6726047948623115,0.020220604796992173,0.05142523488680145,0.3082188111898248,1.723185052730847,0.006907691339119147,0.022185059715249863,0.20804830087997958,1.7752948784290965,0.002359781031061915,0.009570726816369333,0.14043301034078948
1024,12,0.25,3,0.5231255888938904,0.025439100340008736,1.4848201274871826,0.0014500196557492018,0.4255027770996094,0.658538818359375,217.55545043945312,4.18338343138406,73.2121255912802,7.599993041027016,2.2547192148616713,0.006825019205392954,0.020281068409029084,0.19537124829873964,0.6461316557764494,0.00195583597763288,0.0058119167236729994,0.05598725877808298,0.002201874233263351,6.665057817766557e-06,1.9805730868192465e-05,0.00019079223466673793,2.0739999517393928,0.0200270910116624,0.04786382843750085,0.29310504271231164,2.2547192148616713,0.006825019205392954,0.020281068409029084,0.19537124829873964,2.451185562276825,0.002325893816873213,0.008593582027162934,0.1302260933779714
1024,12,0.25,4,0.5208745002746582,0.02780386246740818,1.4846709966659546,0.0014498740201815963,0.4253684878349304,0.786712646484375,235.4752960205078,3.679045916117679,49.79728029187533,5.836247124360094,1.8871833360002328,0.006304996837276098,0.029814298852545686,0.2543879594249942,0.5406910512190155,0.0018064251113538662,0.00854200240137073,0.07288390617653451,0.0018429524765627273,6.157223473902439e-06,2.9115526223189147e-05,0.0002484257416259709,1.7987769731001704,0.018796368181917027,0.06514269553821421,0.3620122662637227,1.8871833360002328,0.006304996837276098,0.029814298852545686,0.2543879594249942,1.9799346983738804,0.0021149290508315215,0.013645312167769633,0.1787597822811603
1024,12,0.25,5,0.5147725343704224,0.033022355288267136,1.484499216079712,0.0014497062657028437,0.4254358410835266,1.109619140625,219.3552703857422,3.819183404407022,55.70722737271558,7.17169246544846,1.3378457181655665,0.006767556637545931,0.02664823374079453,0.2069942657513108,0.3834070858257701,0.0019394831058099774,0.007636995433951495,0.05932153994795192,0.001306489959146061,6.608942028853448e-06,2.602366576249466e-05,0.00020214283764776446,1.3659689294388027,0.01989122425877934,0.05954574561673097,0.306960607856832,1.3378457181655665,0.006767556637545931,0.02664823374079453,0.2069942657513108,1.310301520803462,0.002302514025609933,0.011925761515773018,0.1395834675761007
1024,12,0.25,6,0.5227977633476257,0.023912321776151657,1.4840710163116455,0.0014492881018668413,0.4251002371311188,0.581878662109375,169.47183227539062,3.7816701158611763,54.08177348558539,7.0982949393881265,2.5504819354119683,0.008757036472586428,0.02744124167280129,0.20907429586739215,0.7305650899623696,0.002508382847011022,0.00786032353847313,0.05988765481866022,0.0024907050150507503,8.551793430260183e-06,2.679808757109501e-05,0.00020417411705800015,2.2886993073096376,0.02444424700325569,0.06095564675251151,0.3094079375858426,2.5504819354119683,0.008757036472586428,0.02744124167280129,0.20907429586739215,2.8422073979256575,0.0031371671122450736,0.01235360109626037,0.1412764699364517
1024,12,0.25,7,0.5189565420150757,0.02281319536268711,1.4846115112304688,0.0014498159289360046,0.4254590570926666,0.529571533203125,210.572998046875,4.200557513442733,74.1175075279103,7.536925318480022,2.80342015789777,0.007050341330563114,0.02003051047920643,0.19697840279646975,0.8034024308657004,0.0020204824979409585,0.005740331418085696,0.05644994996162033,0.002737714997947041,6.885098955628041e-06,1.956104538985003e-05,0.0001923617214809275,2.468727291578632,0.020553731516104568,0.04738885098512397,0.29502407273001396,2.80342015789777,0.007050341330563114,0.02003051047920643,0.19697840279646975,3.183488353904817,0.0024184082018634456,0.00846657687867443,0.1315163566457706
1024,12,0.28,0,0.4826502799987793,0.029900746420025826,1.4119014739990234,0.0013788100332021713,0.45504075288772583,0.909820556640625,234.81973266601562,4.001087371894497,64.05220804075316,8.860094409915025,1.5518460906316036,0.006012703693889187,0.02204297895711421,0.15935512745993016,0.5001434069239928,0.0019378301291865059,0.007104216494741393,0.051358454191922094,0.0015154746978824254,5.871780951063659e-06,2.1526346637806844e-05,0.00015562024166008805,1.5227892262672595,0.017914996192171205,0.05064972680176096,0.24652088147279047,1.5518460906316036,0.006012703693889187,0.02204297895711421,0.15935512745993016,1.5814573990070584,0.002018008004171792,0.009593199252693434,0.10300975923848234
1024,12,0.28,1,0.47908440232276917,0.0311835166066885,1.411307692527771,0.0013782301684841514,0.4546651840209961,0.989471435546875,213.2053680419922,4.195328326190546,73.84104990920245,7.113339345793547,1.4263248455957191,0.006619475417006408,0.01911277933159353,0.19840297558169268,0.45950309194090616,0.002132522216473681,0.006157349937197106,0.06391726331597845,0.0013928953570270695,6.4643314619203205e-06,1.8664823566009307e-05,0.00019375290584149675,1.4233086857596182,0.019345644404177173,0.045183869245070035,0.293739862175118,1.4263248455957191,0.006619475417006408,0.01911277933159353,0.19840297558169268,1.4293473970320736,0.0022649777841926505,0.008084706774377146,0.13400884860564954
1024,12,0.28,2,0.4882379472255707,0.027455512434244156,1.4123470783233643,0.0013792451936751604,0.4547329843044281,0.76708984375,225.919677734375,3.8776504291580656,58.30502210760454,5.853506028894037,1.8411755674132717,0.006251545206185762,0.024223420680928896,0.24128224543576895,0.5928027701180578,0.0020128082195614684,0.007799207818928495,0.07768557545849927,0.0017980230150520232,6.105024615415783e-06,2.3655684258719625e-05,0.00023562719280836812,1.7460812536580588,0.018483243626941953,0.05462314031779304,0.3435647352537982,1.8411755674132717,0.006251545206185762,0.024223420680928896,0.24128224543576895,1.9414488661038252,0.0021144458328741004,0.010742225841858395,0.1694502257908411
1024,12,0.28,3,0.484089195728302,0.032038211822509766,1.4122023582458496,0.0013791038654744625,0.4550837576389313,1.0444488525390625,224.3617706298828,3.7186023649797324,51.420846699638,6.09918372842626,1.3521029343014508,0.006294309205535205,0.02746361541837061,0.23153956678892057,0.4357166524072667,0.0020283480396919213,0.008850180167144837,0.07461387915204747,0.0013204130217787605,6.1467863335304735e-06,2.6819936932002548e-05,0.00022611285819230524,1.3639146389532584,0.018583942172320293,0.06039285399193357,0.33241419386224746,1.3521029343014508,0.006294309205535205,0.02746361541837061,0.23153956678892057,1.3403935207775455,0.0021318581390063966,0.01248906322507802,0.16127641953525382
1024,12,0.28,4,0.4840331971645355,0.028322314843535423,1.411989450454712,0.0013788959477096796,0.4548409581184387,0.8162841796875,153.24899291992188,0.07874506711959839,0.0004882812779252773,0.0,1.7297768174256019,0.009213694808373241,2891.7542291490267,1411989450454.712,0.5572090816369448,0.002967986604362937,931.514228952362,454840958118.4387,0.0016892351732671893,8.997748836301993e-06,2.8239787394033464,1378895947.7096796,1.660956843201086,0.025206546537864645,629.354575473588,5621231249.719136,1.7297768174256019,0.009213694808373241,2891.7542291490267,1411989450454.712,1.8014482738374187,0.0033678620708442204,13287.013152337393,354675714203185.5
1024,12,0.28,5,0.4789493680000305,0.025210551917552948,1.4108089208602905,0.0013777430867776275,0.45451244711875916,0.646759033203125,217.79800415039062,4.003876188682927,64.18623741308407,8.913836043259458,2.1813517066366255,0.006477602613319265,0.021979928684411457,0.15827180509194225,0.7027539219170245,0.0020868531320650486,0.007081151122687694,0.05098954534422431,0.0021302262760123296,6.325783802069595e-06,2.1464774105870564e-05,0.00015456230966009985,1.9992826383177371,0.01901188070829947,0.050525970319396575,0.24514129942841673,2.1813517066366255,0.006477602613319265,0.021979928684411457,0.15827180509194225,2.380001294889604,0.0022070060432139993,0.009561761247093719,0.10218581832383794
1024,12,0.28,6,0.48639851808547974,0.02920568361878395,1.4119778871536255,0.0013788846554234624,0.4547790586948395,0.867950439453125,184.9809112548828,3.6463890362431806,48.48294653666457,5.123611875036676,1.62679552077107,0.007633100505208774,0.029123186357616206,0.27558252295281793,0.5239689249784641,0.0024585188580253303,0.009380186048529847,0.08876141866065607,0.001588667500752998,7.454199712117944e-06,2.8440611677359576e-05,0.00026912355757111126,1.5813643846203735,0.021683349186136628,0.06329314709999567,0.3820910952912081,1.62679552077107,0.007633100505208774,0.029123186357616206,0.27558252295281793,1.673531851443672,0.0026870490726529465,0.013400502621246663,0.19876340457282551
1024,12,0.28,7,0.48896855115890503,0.026963435113430023,1.4125854969024658,0.0013794780243188143,0.4550132751464844,0.7397918701171875,231.54165649414062,3.8930023713881297,59.00027077542125,7.244196594036813,1.9094363617144154,0.006100783411032617,0.023942017186316552,0.19499546686312463,0.6150557927520987,0.0019651464969025947,0.007712054015454401,0.06281072983594019,0.0018646839469867338,5.95779629983654e-06,2.3380876158512258e-05,0.00019042526060852015,1.7977409018630433,0.018126394772958847,0.05411672908709986,0.2897494103373903,1.9094363617144154,0.006100783411032617,0.023942017186316552,0.19499546686312463,2.028071573416836,0.002053334857511507,0.010592291822133042,0.13122798784264267
