model,match_method,N,k,k_label,R,matched_R,seed,D,phi_mean,phi_std,chi,sdot,J,mean_degree,mean_kth_dist
topological,count,1024,7,k=7,,1.0167454784646184,0,0.005,0.9801183938980103,0.0021906059700995684,0.004913924727588892,2.043815851211548,415.9233093261719,7.0,1.0224446058273315
metric,count,1024,7,k=7,1.0167454784646184,1.0167454784646184,0,0.005,0.9811795353889465,0.0014463437255471945,0.0021421159617602825,2.0308587551116943,948.0620727539062,8.9224214553833,
topological,count,1024,7,k=7,,1.0167454784646184,1,0.005,0.9796311259269714,0.002301889704540372,0.005425864830613136,2.037752389907837,375.56268310546875,7.0,1.0164350271224976
metric,count,1024,7,k=7,1.0167454784646184,1.0167454784646184,1,0.005,0.9810392260551453,0.0022707823663949966,0.005280207376927137,2.0331814289093018,385.05712890625,8.895254135131836,
topological,count,1024,7,k=7,,1.0167454784646184,2,0.005,0.9727482199668884,0.004464977886527777,0.02041449211537838,2.0354509353637695,99.7061767578125,7.0,0.9118691086769104
metric,count,1024,7,k=7,1.0167454784646184,1.0167454784646184,2,0.005,0.9802668690681458,0.001567645464092493,0.002516492735594511,2.037235975265503,809.5536499023438,9.295527458190918,
topological,count,1024,7,k=7,,1.0167454784646184,3,0.005,0.9801583886146545,0.0020101098343729973,0.004137514159083366,2.0250256061553955,489.43048095703125,7.0,1.0152525901794434
metric,count,1024,7,k=7,1.0167454784646184,1.0167454784646184,3,0.005,0.9808369278907776,0.0016851195832714438,0.0029077790677547455,2.0376529693603516,700.7592163085938,8.553750038146973,
topological,count,1024,7,k=7,,1.0167454784646184,4,0.005,0.9818159341812134,0.0014473083429038525,0.002144974423572421,2.0354461669921875,948.937255859375,7.0,1.0529261827468872
metric,count,1024,7,k=7,1.0167454784646184,1.0167454784646184,4,0.005,0.9817503094673157,0.0012091826647520065,0.0014972137287259102,2.036454677581787,1360.1630859375,9.937050819396973,
topological,count,1024,7,k=7,,1.0167454784646184,5,0.005,0.9704247117042542,0.006413215771317482,0.0421164408326149,2.037583589553833,48.379764556884766,7.0,0.8890228271484375
metric,count,1024,7,k=7,1.0167454784646184,1.0167454784646184,5,0.005,0.9806191325187683,0.002247202442958951,0.005171117372810841,2.0261642932891846,391.82330322265625,11.654550552368164,
topological,count,1024,7,k=7,,1.0167454784646184,6,0.005,0.9798941612243652,0.001836187788285315,0.003452503588050604,2.048959970474243,593.4708251953125,7.0,1.0291922092437744
metric,count,1024,7,k=7,1.0167454784646184,1.0167454784646184,6,0.005,0.9811114072799683,0.001956058433279395,0.003917992580682039,2.028322458267212,517.6942749023438,9.900195121765137,
topological,count,1024,7,k=7,,1.0167454784646184,7,0.005,0.9787362217903137,0.0022646074648946524,0.00525152962654829,2.0412750244140625,388.7010498046875,7.0,1.0117363929748535
metric,count,1024,7,k=7,1.0167454784646184,1.0167454784646184,7,0.005,0.9810042977333069,0.0017455179477110505,0.0031199571676552296,2.0314390659332275,651.1112060546875,9.796015739440918,
topological,count,1024,7,k=7,,1.0167454784646184,0,0.01,0.9489299058914185,0.009077407419681549,0.08437691628932953,2.083740472793579,24.695621490478516,7.0,0.9702779650688171
metric,count,1024,7,k=7,1.0167454784646184,1.0167454784646184,0,0.01,0.9610795974731445,0.003462499240413308,0.012276634573936462,2.067002773284912,168.3688507080078,8.7949800491333,
topological,count,1024,7,k=7,,1.0167454784646184,1,0.01,0.9575231671333313,0.005812381394207478,0.0345945879817009,2.07499098777771,59.980220794677734,7.0,1.0203603506088257
metric,count,1024,7,k=7,1.0167454784646184,1.0167454784646184,1,0.01,0.9603509306907654,0.003624766133725643,0.013454264961183071,2.0675930976867676,153.6756591796875,8.671894073486328,
topological,count,1024,7,k=7,,1.0167454784646184,2,0.01,0.9327269792556763,0.011599740013480186,0.1377832591533661,2.078686237335205,15.086638450622559,7.0,0.9054787755012512
metric,count,1024,7,k=7,1.0167454784646184,1.0167454784646184,2,0.01,0.9612841606140137,0.003736339509487152,0.014295278117060661,2.0724387168884277,144.97366333007812,9.007909774780273,
topological,count,1024,7,k=7,,1.0167454784646184,3,0.01,0.9545676708221436,0.005006830673664808,0.025669993832707405,2.0650482177734375,80.44599914550781,7.0,0.9900119304656982
metric,count,1024,7,k=7,1.0167454784646184,1.0167454784646184,3,0.01,0.9597696661949158,0.0036089573986828327,0.013337163254618645,2.0739905834198,155.50462341308594,8.828749656677246,
topological,count,1024,7,k=7,,1.0167454784646184,4,0.01,0.9583436250686646,0.006662817671895027,0.04545857384800911,2.0796239376068115,45.74767303466797,7.0,1.029028058052063
metric,count,1024,7,k=7,1.0167454784646184,1.0167454784646184,4,0.01,0.9602035880088806,0.005537147633731365,0.031395845115184784,2.073272705078125,66.03652954101562,9.623125076293945,
topological,count,1024,7,k=7,,1.0167454784646184,5,0.01,0.9385191202163696,0.011055865325033665,0.12516573071479797,2.073734998703003,16.567913055419922,7.0,0.9129257202148438
metric,count,1024,7,k=7,1.0167454784646184,1.0167454784646184,5,0.01,0.9623438715934753,0.002671506954357028,0.0073082358576357365,2.062856674194336,282.2646484375,9.4912691116333,
topological,count,1024,7,k=7,,1.0167454784646184,6,0.01,0.9551723003387451,0.006597559899091721,0.04457246512174606,2.0910732746124268,46.91401290893555,7.0,1.0000699758529663
metric,count,1024,7,k=7,1.0167454784646184,1.0167454784646184,6,0.01,0.9620787501335144,0.003336432622745633,0.011398945935070515,2.0616164207458496,180.8602752685547,10.181288719177246,
topological,count,1024,7,k=7,,1.0167454784646184,7,0.01,0.9528921842575073,0.004810241051018238,0.023693740367889404,2.0863420963287354,88.05457305908203,7.0,0.9715754985809326
metric,count,1024,7,k=7,1.0167454784646184,1.0167454784646184,7,0.01,0.9616255164146423,0.00297195790335536,0.00904451496899128,2.061993360519409,227.9827423095703,10.638593673706055,
topological,count,1024,7,k=7,,1.0167454784646184,0,0.02,0.8885056376457214,0.024145135655999184,0.5969793200492859,2.1759960651397705,3.6450107097625732,7.0,0.9467827677726746
metric,count,1024,7,k=7,1.0167454784646184,1.0167454784646184,0,0.02,0.9196862578392029,0.007762693800032139,0.06170564517378807,2.147205114364624,34.79754638671875,10.015995979309082,
topological,count,1024,7,k=7,,1.0167454784646184,1,0.02,0.889667272567749,0.027396028861403465,0.7685554027557373,2.1642978191375732,2.8160595893859863,7.0,0.9536767601966858
metric,count,1024,7,k=7,1.0167454784646184,1.0167454784646184,1,0.02,0.9163480997085571,0.006437403615564108,0.042434725910425186,2.146998882293701,50.59532928466797,9.34218692779541,
topological,count,1024,7,k=7,,1.0167454784646184,2,0.02,0.9003907442092896,0.010823378339409828,0.11995700746774673,2.158071756362915,17.99037742614746,7.0,0.9368032813072205
metric,count,1024,7,k=7,1.0167454784646184,1.0167454784646184,2,0.02,0.9177300930023193,0.005717420484870672,0.033473432064056396,2.1480493545532227,64.17176818847656,8.310956954956055,
topological,count,1024,7,k=7,,1.0167454784646184,3,0.02,0.8946597576141357,0.018333422020077705,0.3441811501979828,2.150527000427246,6.248241901397705,7.0,0.9581849575042725
metric,count,1024,7,k=7,1.0167454784646184,1.0167454784646184,3,0.02,0.9148557782173157,0.007098108995705843,0.05159234628081322,2.151437520980835,41.700714111328125,8.436738014221191,
topological,count,1024,7,k=7,,1.0167454784646184,4,0.02,0.9019849300384521,0.013401277363300323,0.1839045137166977,2.1652944087982178,11.774014472961426,7.0,0.9635010957717896
metric,count,1024,7,k=7,1.0167454784646184,1.0167454784646184,4,0.02,0.9102028608322144,0.007753056474030018,0.06155252084136009,2.1546871662139893,35.00566864013672,8.302480697631836,
topological,count,1024,7,k=7,,1.0167454784646184,5,0.02,0.8998188376426697,0.013197743333876133,0.17836076021194458,2.1691153049468994,12.161393165588379,7.0,0.9730331301689148
metric,count,1024,7,k=7,1.0167454784646184,1.0167454784646184,5,0.02,0.9166813492774963,0.010132202878594398,0.10512540489435196,2.136833667755127,20.326519012451172,9.006386756896973,
topological,count,1024,7,k=7,,1.0167454784646184,6,0.02,0.8720545172691345,0.02903803437948227,0.863444447517395,2.18387508392334,2.529259443283081,7.0,0.9081174731254578
metric,count,1024,7,k=7,1.0167454784646184,1.0167454784646184,6,0.02,0.913909375667572,0.009226975962519646,0.08718037605285645,2.1420161724090576,24.569934844970703,9.70107364654541,
topological,count,1024,7,k=7,,1.0167454784646184,7,0.02,0.85434889793396,0.019771132618188858,0.4002792239189148,2.187392234802246,5.46466588973999,7.0,0.9107348918914795
metric,count,1024,7,k=7,1.0167454784646184,1.0167454784646184,7,0.02,0.9181124567985535,0.007014490198343992,0.050383951514959335,2.145883083343506,42.590606689453125,9.27001953125,
topological,count,1024,7,k=7,,1.0167454784646184,0,0.03,0.8275424242019653,0.03371572494506836,1.1640321016311646,2.2866036891937256,1.9643820524215698,7.0,0.9892347455024719
metric,count,1024,7,k=7,1.0167454784646184,1.0167454784646184,0,0.03,0.8663327097892761,0.010855772532522678,0.12067613750696182,2.2411298751831055,18.571441650390625,8.425722122192383,
topological,count,1024,7,k=7,,1.0167454784646184,1,0.03,0.8147313594818115,0.02956223115324974,0.8948997855186462,2.2859365940093994,2.5544052124023438,7.0,0.9546630382537842
metric,count,1024,7,k=7,1.0167454784646184,1.0167454784646184,1,0.03,0.8676607608795166,0.01116837840527296,0.1277262568473816,2.2395503520965576,17.533985137939453,8.746405601501465,
topological,count,1024,7,k=7,,1.0167454784646184,2,0.03,0.8101028203964233,0.028963804244995117,0.8590356111526489,2.2789885997772217,2.6529617309570312,7.0,0.9366279244422913
metric,count,1024,7,k=7,1.0167454784646184,1.0167454784646184,2,0.03,0.8668642044067383,0.012219497002661228,0.15289969742298126,2.2412776947021484,14.65848445892334,7.84044885635376,
topological,count,1024,7,k=7,,1.0167454784646184,3,0.03,0.8184605240821838,0.022910799831151962,0.5375024676322937,2.26829195022583,4.220058917999268,7.0,0.924736738204956
metric,count,1024,7,k=7,1.0167454784646184,1.0167454784646184,3,0.03,0.8695816397666931,0.010622862726449966,0.11555349826812744,2.245610237121582,19.43351173400879,8.466679573059082,
topological,count,1024,7,k=7,,1.0167454784646184,4,0.03,0.8245338201522827,0.03258102759718895,1.0869998931884766,2.2807772159576416,2.098231315612793,7.0,0.917425811290741
metric,count,1024,7,k=7,1.0167454784646184,1.0167454784646184,4,0.03,0.8675558567047119,0.011898411437869072,0.14496992528438568,2.2427191734313965,15.470237731933594,8.482069969177246,
topological,count,1024,7,k=7,,1.0167454784646184,5,0.03,0.8200385570526123,0.028499208390712738,0.8316977620124817,2.2855467796325684,2.74804949760437,7.0,0.921181321144104
metric,count,1024,7,k=7,1.0167454784646184,1.0167454784646184,5,0.03,0.8671278357505798,0.011476956307888031,0.13488182425498962,2.2258119583129883,16.501941680908203,8.50699234008789,
topological,count,1024,7,k=7,,1.0167454784646184,6,0.03,0.8204964995384216,0.0269814133644104,0.7454686164855957,2.2941713333129883,3.077488660812378,7.0,0.9675114154815674
metric,count,1024,7,k=7,1.0167454784646184,1.0167454784646184,6,0.03,0.865599513053894,0.009942269884049892,0.10122109204530716,2.2340359687805176,22.07085418701172,9.007147789001465,
topological,count,1024,7,k=7,,1.0167454784646184,7,0.03,0.7487733960151672,0.05111938714981079,2.675908327102661,2.3184430599212646,0.8664134740829468,7.0,0.8826962113380432
metric,count,1024,7,k=7,1.0167454784646184,1.0167454784646184,7,0.03,0.8679314851760864,0.008877978660166264,0.08071015775203705,2.2396886348724365,27.749774932861328,8.217265129089355,
topological,count,1024,7,k=7,,1.0167454784646184,0,0.04,0.7455589771270752,0.037946805357933044,1.4745190143585205,2.415578603744507,1.6382145881652832,7.0,0.9393298029899597
metric,count,1024,7,k=7,1.0167454784646184,1.0167454784646184,0,0.04,0.8068235516548157,0.019741017371416092,0.39906075596809387,2.3570749759674072,5.906557083129883,9.179511070251465,
topological,count,1024,7,k=7,,1.0167454784646184,1,0.04,0.7322596311569214,0.04526130110025406,2.0977516174316406,2.414268732070923,1.1508840322494507,7.0,0.9359552264213562
metric,count,1024,7,k=7,1.0167454784646184,1.0167454784646184,1,0.04,0.8130926489830017,0.014065049588680267,0.20257344841957092,2.3513033390045166,11.60716438293457,8.581816673278809,
topological,count,1024,7,k=7,,1.0167454784646184,2,0.04,0.7462150454521179,0.03148108720779419,1.014844298362732,2.4245028495788574,2.3890392780303955,7.0,0.9309259057044983
metric,count,1024,7,k=7,1.0167454784646184,1.0167454784646184,2,0.04,0.8134257197380066,0.014960430562496185,0.2291860431432724,2.3574609756469727,10.286232948303223,7.905703067779541,
topological,count,1024,7,k=7,,1.0167454784646184,3,0.04,0.7787363529205322,0.025011951103806496,0.640612006187439,2.398714303970337,3.744410514831543,7.0,0.9570713639259338
metric,count,1024,7,k=7,1.0167454784646184,1.0167454784646184,3,0.04,0.8197407126426697,0.012671399861574173,0.16441792249679565,2.349780559539795,14.291511535644531,8.781523704528809,
topological,count,1024,7,k=7,,1.0167454784646184,4,0.04,0.7765655517578125,0.03206248581409454,1.0526750087738037,2.4139795303344727,2.2931859493255615,7.0,0.9807524085044861
metric,count,1024,7,k=7,1.0167454784646184,1.0167454784646184,4,0.04,0.8110275864601135,0.01733943074941635,0.30787158012390137,2.3574509620666504,7.657254695892334,8.247344017028809,
topological,count,1024,7,k=7,,1.0167454784646184,5,0.04,0.7348610758781433,0.04826701059937477,2.385617256164551,2.4216415882110596,1.0151005983352661,7.0,0.9237223863601685
metric,count,1024,7,k=7,1.0167454784646184,1.0167454784646184,5,0.04,0.8230059146881104,0.013830767944455147,0.19588109850883484,2.332141876220703,11.905905723571777,9.037793159484863,
topological,count,1024,7,k=7,,1.0167454784646184,6,0.04,0.7726801037788391,0.02125159092247486,0.46246927976608276,2.419674873352051,5.232077121734619,7.0,0.9639725089073181
metric,count,1024,7,k=7,1.0167454784646184,1.0167454784646184,6,0.04,0.810806393623352,0.017196379601955414,0.3028126657009125,2.3459396362304688,7.747164726257324,8.53408145904541,
topological,count,1024,7,k=7,,1.0167454784646184,7,0.04,0.7561501264572144,0.031444281339645386,1.0124726295471191,2.419491767883301,2.389686107635498,7.0,0.9421340227127075
metric,count,1024,7,k=7,1.0167454784646184,1.0167454784646184,7,0.04,0.8125409483909607,0.020349198952317238,0.42402809858322144,2.349407911300659,5.540689468383789,8.528281211853027,
topological,count,1024,7,k=7,,1.0167454784646184,0,0.05,0.7186166048049927,0.034053098410367966,1.1874443292617798,2.5566256046295166,2.1530487537384033,7.0,0.9867980480194092
metric,count,1024,7,k=7,1.0167454784646184,1.0167454784646184,0,0.05,0.7436087131500244,0.02594122476875782,0.6890978813171387,2.4918925762176514,3.616166591644287,8.378496170043945,
topological,count,1024,7,k=7,,1.0167454784646184,1,0.05,0.7035226821899414,0.03703511133790016,1.4045178890228271,2.566807746887207,1.8275365829467773,7.0,0.9816228747367859
metric,count,1024,7,k=7,1.0167454784646184,1.0167454784646184,1,0.05,0.7484703063964844,0.022965556010603905,0.5400747656822205,2.4862120151519775,4.603458881378174,8.541191101074219,
topological,count,1024,7,k=7,,1.0167454784646184,2,0.05,0.6767033338546753,0.05087004601955414,2.6498680114746094,2.581343412399292,0.9741403460502625,7.0,0.9585909247398376
metric,count,1024,7,k=7,1.0167454784646184,1.0167454784646184,2,0.05,0.7584850788116455,0.018032019957900047,0.3329574763774872,2.4747979640960693,7.432775020599365,8.59316349029541,
topological,count,1024,7,k=7,,1.0167454784646184,3,0.05,0.6266295909881592,0.050099678337574005,2.5702173709869385,2.5817315578460693,1.0044798851013184,7.0,0.9233288168907166
metric,count,1024,7,k=7,1.0167454784646184,1.0167454784646184,3,0.05,0.7529183626174927,0.023869100958108902,0.5834076404571533,2.4785313606262207,4.248370170593262,8.796835899353027,
topological,count,1024,7,k=7,,1.0167454784646184,4,0.05,0.6190394163131714,0.07775473594665527,6.190898895263672,2.6099767684936523,0.4215828776359558,7.0,0.9274964928627014
metric,count,1024,7,k=7,1.0167454784646184,1.0167454784646184,4,0.05,0.7332788109779358,0.026356687769293785,0.711347222328186,2.487765312194824,3.4972586631774902,8.85107421875,
topological,count,1024,7,k=7,,1.0167454784646184,5,0.05,0.681566059589386,0.035445038229227066,1.2865033149719238,2.567383050918579,1.995628833770752,7.0,0.9463775157928467
metric,count,1024,7,k=7,1.0167454784646184,1.0167454784646184,5,0.05,0.7353349328041077,0.02241619862616062,0.5145456194877625,2.475142240524292,4.810345649719238,8.233847618103027,
topological,count,1024,7,k=7,,1.0167454784646184,6,0.05,0.6769320368766785,0.052960265427827835,2.8721048831939697,2.579655647277832,0.8981759548187256,7.0,0.9413763284683228
metric,count,1024,7,k=7,1.0167454784646184,1.0167454784646184,6,0.05,0.7445038557052612,0.021813537925481796,0.48725035786628723,2.4789886474609375,5.087710380554199,8.065605163574219,
topological,count,1024,7,k=7,,1.0167454784646184,7,0.05,0.660666823387146,0.06671342253684998,4.557497024536133,2.5839803218841553,0.5669735670089722,7.0,0.9442270994186401
metric,count,1024,7,k=7,1.0167454784646184,1.0167454784646184,7,0.05,0.7422349452972412,0.022866331040859222,0.5354179739952087,2.4957854747772217,4.661377906799316,7.961015224456787,
topological,count,1024,7,k=7,,1.0167454784646184,0,0.06,0.618878185749054,0.06337251514196396,4.112461566925049,2.741589307785034,0.6666540503501892,7.0,0.985625147819519
metric,count,1024,7,k=7,1.0167454784646184,1.0167454784646184,0,0.06,0.6652408242225647,0.026844903826713562,0.737944483757019,2.6390271186828613,3.5761866569519043,7.88671875,
topological,count,1024,7,k=7,,1.0167454784646184,1,0.06,0.623849630355835,0.04810020327568054,2.3691565990448,2.7368762493133545,1.1552112102508545,7.0,0.9729689359664917
metric,count,1024,7,k=7,1.0167454784646184,1.0167454784646184,1,0.06,0.6693651676177979,0.0338205061852932,1.1712783575057983,2.621985912322998,2.238567590713501,8.938163757324219,
topological,count,1024,7,k=7,,1.0167454784646184,2,0.06,0.61698979139328,0.05075690895318985,2.638094186782837,2.7473790645599365,1.0414257049560547,7.0,0.9739814400672913
metric,count,1024,7,k=7,1.0167454784646184,1.0167454784646184,2,0.06,0.6633150577545166,0.02420402504503727,0.5998948812484741,2.6232335567474365,4.372821807861328,8.071640014648438,
topological,count,1024,7,k=7,,1.0167454784646184,3,0.06,0.5667024850845337,0.06912069767713547,4.892335414886475,2.7561614513397217,0.5633631348609924,7.0,0.9731467962265015
metric,count,1024,7,k=7,1.0167454784646184,1.0167454784646184,3,0.06,0.6742600202560425,0.02869558148086071,0.843198835849762,2.619710683822632,3.1068718433380127,8.38705062866211,
topological,count,1024,7,k=7,,1.0167454784646184,4,0.06,0.6004451513290405,0.03733803331851959,1.4275877475738525,2.7409722805023193,1.9200026988983154,7.0,0.967347264289856
metric,count,1024,7,k=7,1.0167454784646184,1.0167454784646184,4,0.06,0.6773832440376282,0.02302759699523449,0.5429967045783997,2.6249420642852783,4.834176540374756,8.290663719177246,
topological,count,1024,7,k=7,,1.0167454784646184,5,0.06,0.5227119326591492,0.09648596495389938,9.532970428466797,2.8268303871154785,0.2965319752693176,7.0,0.9432104229927063
metric,count,1024,7,k=7,1.0167454784646184,1.0167454784646184,5,0.06,0.6784023642539978,0.02714146301150322,0.7543388605117798,2.619697093963623,3.4728386402130127,8.258769035339355,
topological,count,1024,7,k=7,,1.0167454784646184,6,0.06,0.5986778736114502,0.06445974111557007,4.254780292510986,2.7735161781311035,0.6518588066101074,7.0,0.991367757320404
metric,count,1024,7,k=7,1.0167454784646184,1.0167454784646184,6,0.06,0.6764891147613525,0.02460862323641777,0.6201183795928955,2.627969264984131,4.237851142883301,8.127148628234863,
topological,count,1024,7,k=7,,1.0167454784646184,7,0.06,0.5577163100242615,0.05607808753848076,3.2202260494232178,2.771873712539673,0.8607699275016785,7.0,0.9467780590057373
metric,count,1024,7,k=7,1.0167454784646184,1.0167454784646184,7,0.06,0.6700567603111267,0.03028545342385769,0.9392216801643372,2.6297457218170166,2.799920082092285,8.522401809692383,
topological,count,1024,7,k=7,,1.0167454784646184,0,0.07,0.43540480732917786,0.06986889243125916,4.998822212219238,2.966716766357422,0.5934832096099854,7.0,0.9637743830680847
metric,count,1024,7,k=7,1.0167454784646184,1.0167454784646184,0,0.07,0.5607991814613342,0.036957018077373505,1.3986008167266846,2.7927937507629395,1.996848464012146,8.129511833190918,
topological,count,1024,7,k=7,,1.0167454784646184,1,0.07,0.5150685906410217,0.07130894064903259,5.207004547119141,2.9237523078918457,0.5615037083625793,7.0,0.9945935606956482
metric,count,1024,7,k=7,1.0167454784646184,1.0167454784646184,1,0.07,0.5633619427680969,0.04641452431678772,2.2060112953186035,2.764777183532715,1.253292441368103,8.199140548706055,
topological,count,1024,7,k=7,,1.0167454784646184,2,0.07,0.3810870945453644,0.09917730838060379,10.072205543518066,3.007690668106079,0.29861292243003845,7.0,0.9564011693000793
metric,count,1024,7,k=7,1.0167454784646184,1.0167454784646184,2,0.07,0.5700199604034424,0.03912480175495148,1.567488193511963,2.778580904006958,1.7726328372955322,7.636250019073486,
topological,count,1024,7,k=7,,1.0167454784646184,3,0.07,0.4094039499759674,0.09246072173118591,8.754161834716797,2.9779467582702637,0.34017497301101685,7.0,0.9572088122367859
metric,count,1024,7,k=7,1.0167454784646184,1.0167454784646184,3,0.07,0.596781849861145,0.03616119921207428,1.3390156030654907,2.7645552158355713,2.06461763381958,8.472890853881836,
topological,count,1024,7,k=7,,1.0167454784646184,4,0.07,0.3168957531452179,0.10664650797843933,11.646441459655762,3.0289599895477295,0.26007601618766785,7.0,0.9601348638534546
metric,count,1024,7,k=7,1.0167454784646184,1.0167454784646184,4,0.07,0.5677055716514587,0.03319776430726051,1.1285417079925537,2.782697916030884,2.4657466411590576,7.72216796875,
topological,count,1024,7,k=7,,1.0167454784646184,5,0.07,0.47436949610710144,0.07527074962854385,5.801662921905518,2.966113805770874,0.5112523436546326,7.0,0.9723195433616638
metric,count,1024,7,k=7,1.0167454784646184,1.0167454784646184,5,0.07,0.5775253176689148,0.04306068643927574,1.89872407913208,2.767404079437256,1.4575073719024658,8.388379096984863,
topological,count,1024,7,k=7,,1.0167454784646184,6,0.07,0.4290751516819,0.11483348160982132,13.50321102142334,2.972642660140991,0.2201433926820755,7.0,0.9637080430984497
metric,count,1024,7,k=7,1.0167454784646184,1.0167454784646184,6,0.07,0.5918206572532654,0.03150824457406998,1.0165960788726807,2.7732362747192383,2.7279629707336426,8.159647941589355,
topological,count,1024,7,k=7,,1.0167454784646184,7,0.07,0.5219422578811646,0.07049452513456345,5.088745594024658,2.9522695541381836,0.580156683921814,7.0,1.0067654848098755
metric,count,1024,7,k=7,1.0167454784646184,1.0167454784646184,7,0.07,0.5716583132743835,0.03701256960630417,1.4028085470199585,2.7903196811676025,1.9890950918197632,7.791327953338623,
topological,count,1024,7,k=7,,1.0167454784646184,0,0.075,0.3928004503250122,0.12510956823825836,16.028064727783203,3.0757925510406494,0.19190043210983276,7.0,1.0002716779708862
metric,count,1024,7,k=7,1.0167454784646184,1.0167454784646184,0,0.075,0.5026590824127197,0.04144122079014778,1.758591890335083,2.8665788173675537,1.6300420761108398,8.077675819396973,
topological,count,1024,7,k=7,,1.0167454784646184,1,0.075,0.43173253536224365,0.07035626471042633,5.0688042640686035,3.041149854660034,0.5999737977981567,7.0,0.9967362880706787
metric,count,1024,7,k=7,1.0167454784646184,1.0167454784646184,1,0.075,0.5488862991333008,0.03254327178001404,1.084482192993164,2.8209550380706787,2.6011998653411865,8.67220687866211,
topological,count,1024,7,k=7,,1.0167454784646184,2,0.075,0.4207763969898224,0.09620782732963562,9.478089332580566,3.060903310775757,0.32294517755508423,7.0,1.0090502500534058
metric,count,1024,7,k=7,1.0167454784646184,1.0167454784646184,2,0.075,0.531976580619812,0.04090229049324989,1.7131493091583252,2.8418474197387695,1.6588438749313354,7.801405906677246,
topological,count,1024,7,k=7,,1.0167454784646184,3,0.075,0.2513800263404846,0.10202175378799438,10.658241271972656,3.1060118675231934,0.29141879081726074,7.0,0.9622961282730103
metric,count,1024,7,k=7,1.0167454784646184,1.0167454784646184,3,0.075,0.4762880504131317,0.07008471339941025,5.029751777648926,2.8481576442718506,0.5662620663642883,7.994042873382568,
topological,count,1024,7,k=7,,1.0167454784646184,4,0.075,0.36020973324775696,0.10125631839036942,10.498909950256348,3.0818378925323486,0.2935388386249542,7.0,0.9948211312294006
metric,count,1024,7,k=7,1.0167454784646184,1.0167454784646184,4,0.075,0.5031994581222534,0.08365648239850998,7.16636848449707,2.850101947784424,0.39770519733428955,8.66103458404541,
topological,count,1024,7,k=7,,1.0167454784646184,5,0.075,0.45554319024086,0.052293602377176285,2.8002517223358154,3.041952133178711,1.0863138437271118,7.0,1.0046653747558594
metric,count,1024,7,k=7,1.0167454784646184,1.0167454784646184,5,0.075,0.5090798139572144,0.030133357271552086,0.9298117160797119,2.8561806678771973,3.0717837810516357,7.582499980926514,
topological,count,1024,7,k=7,,1.0167454784646184,6,0.075,0.3861304521560669,0.08598260581493378,7.570441246032715,3.064410924911499,0.4047863185405731,7.0,0.9817371964454651
metric,count,1024,7,k=7,1.0167454784646184,1.0167454784646184,6,0.075,0.48542898893356323,0.04081593081355095,1.7059227228164673,2.849137544631958,1.6701445579528809,8.594120979309082,
topological,count,1024,7,k=7,,1.0167454784646184,7,0.075,0.4507570266723633,0.053729381412267685,2.9561307430267334,3.0549418926239014,1.0334258079528809,7.0,1.0030676126480103
metric,count,1024,7,k=7,1.0167454784646184,1.0167454784646184,7,0.075,0.4887789189815521,0.049615100026130676,2.520737886428833,2.891685724258423,1.1471583843231201,7.801445007324219,
topological,count,1024,7,k=7,,1.0167454784646184,0,0.0775,0.2982810437679291,0.08717381209135056,7.781656265258789,3.1321017742156982,0.4024980962276459,7.0,0.9609149098396301
metric,count,1024,7,k=7,1.0167454784646184,1.0167454784646184,0,0.0775,0.46759068965911865,0.05575818568468094,3.183590888977051,2.918252468109131,0.9166542887687683,7.818261623382568,
topological,count,1024,7,k=7,,1.0167454784646184,1,0.0775,0.3417345881462097,0.11558400094509125,13.680294036865234,3.122267484664917,0.2282310128211975,7.0,1.0018689632415771
metric,count,1024,7,k=7,1.0167454784646184,1.0167454784646184,1,0.0775,0.510147213935852,0.04171128198504448,1.7815871238708496,2.8743956089019775,1.6133904457092285,8.061230659484863,
topological,count,1024,7,k=7,,1.0167454784646184,2,0.0775,0.2812916934490204,0.11762522161006927,14.167750358581543,3.1442558765411377,0.22193050384521484,7.0,0.9928714036941528
metric,count,1024,7,k=7,1.0167454784646184,1.0167454784646184,2,0.0775,0.4894619286060333,0.04301738739013672,1.8949075937271118,2.882511615753174,1.521188497543335,7.712773323059082,
topological,count,1024,7,k=7,,1.0167454784646184,3,0.0775,0.38007795810699463,0.08457004278898239,7.323742389678955,3.1059155464172363,0.42408859729766846,7.0,1.0027003288269043
metric,count,1024,7,k=7,1.0167454784646184,1.0167454784646184,3,0.0775,0.47769689559936523,0.044942766427993774,2.068328857421875,2.900784492492676,1.4024773836135864,7.555390357971191,
topological,count,1024,7,k=7,,1.0167454784646184,4,0.0775,0.38942840695381165,0.08061545342206955,6.6548237800598145,3.1394996643066406,0.471763014793396,7.0,1.0203337669372559
metric,count,1024,7,k=7,1.0167454784646184,1.0167454784646184,4,0.0775,0.45440492033958435,0.0535811111330986,2.939838171005249,2.886218309402466,0.9817609190940857,8.159530639648438,
topological,count,1024,7,k=7,,1.0167454784646184,5,0.0775,0.321614146232605,0.09695734083652496,9.626343727111816,3.130732297897339,0.32522550225257874,7.0,0.9775254130363464
metric,count,1024,7,k=7,1.0167454784646184,1.0167454784646184,5,0.0775,0.4887274205684662,0.042481210082769394,1.847965121269226,2.879986524581909,1.5584638118743896,7.611093521118164,
topological,count,1024,7,k=7,,1.0167454784646184,6,0.0775,0.3847009241580963,0.09142806380987167,8.559708595275879,3.10113525390625,0.3622944951057434,7.0,0.9963743090629578
metric,count,1024,7,k=7,1.0167454784646184,1.0167454784646184,6,0.0775,0.4609307646751404,0.05757343769073486,3.394253730773926,2.8930013179779053,0.8523232340812683,8.117655754089355,
topological,count,1024,7,k=7,,1.0167454784646184,7,0.0775,0.3370082676410675,0.07413380593061447,5.627721309661865,3.1386053562164307,0.557704508304596,7.0,0.9993828535079956
metric,count,1024,7,k=7,1.0167454784646184,1.0167454784646184,7,0.0775,0.4670797288417816,0.045043788850307465,2.0776376724243164,2.9062509536743164,1.398824691772461,8.101249694824219,
topological,count,1024,7,k=7,,1.0167454784646184,0,0.08,0.30268144607543945,0.08316398411989212,7.08223819732666,3.1768345832824707,0.44856366515159607,7.0,0.9956609010696411
metric,count,1024,7,k=7,1.0167454784646184,1.0167454784646184,0,0.08,0.43861082196235657,0.04814356565475464,2.3734302520751953,2.946263074874878,1.2413523197174072,7.725429534912109,
topological,count,1024,7,k=7,,1.0167454784646184,1,0.08,0.34159788489341736,0.09464997798204422,9.173625946044922,3.1801953315734863,0.34666720032691956,7.0,0.9985024929046631
metric,count,1024,7,k=7,1.0167454784646184,1.0167454784646184,1,0.08,0.4742463529109955,0.042665041983127594,1.8639932870864868,2.9082765579223633,1.5602399110794067,7.835761547088623,
topological,count,1024,7,k=7,,1.0167454784646184,2,0.08,0.20787814259529114,0.08880240470170975,8.075128555297852,3.2057483196258545,0.3969903886318207,7.0,0.9806692004203796
metric,count,1024,7,k=7,1.0167454784646184,1.0167454784646184,2,0.08,0.45447680354118347,0.04541841149330139,2.112340211868286,2.922635078430176,1.3836004734039307,7.373496055603027,
topological,count,1024,7,k=7,,1.0167454784646184,3,0.08,0.3278258442878723,0.09701233357191086,9.637267112731934,3.166248083114624,0.3285421133041382,7.0,0.9972802996635437
metric,count,1024,7,k=7,1.0167454784646184,1.0167454784646184,3,0.08,0.43291518092155457,0.054593950510025024,3.0520315170288086,2.9268510341644287,0.9589844942092896,8.043886184692383,
topological,count,1024,7,k=7,,1.0167454784646184,4,0.08,0.2533659040927887,0.07853581011295319,6.315903186798096,3.193695545196533,0.5056593418121338,7.0,0.9943877458572388
metric,count,1024,7,k=7,1.0167454784646184,1.0167454784646184,4,0.08,0.44533979892730713,0.03929876908659935,1.5814588069915771,2.9218902587890625,1.847591757774353,7.578808307647705,
topological,count,1024,7,k=7,,1.0167454784646184,5,0.08,0.3355472981929779,0.0726764053106308,5.408624649047852,3.163159132003784,0.5848361253738403,7.0,0.9952772259712219
metric,count,1024,7,k=7,1.0167454784646184,1.0167454784646184,5,0.08,0.44927895069122314,0.04737503081560135,2.2982590198516846,2.939204692840576,1.2788830995559692,8.028769493103027,
topological,count,1024,7,k=7,,1.0167454784646184,6,0.08,0.3759586215019226,0.07290513813495636,5.442723274230957,3.161162853240967,0.5808053612709045,7.0,1.005042314529419
metric,count,1024,7,k=7,1.0167454784646184,1.0167454784646184,6,0.08,0.42895758152008057,0.06061337888240814,3.7621572017669678,2.9253647327423096,0.7775763869285583,7.926679611206055,
topological,count,1024,7,k=7,,1.0167454784646184,7,0.08,0.32976996898651123,0.05701315402984619,3.328511953353882,3.1817712783813477,0.9559140801429749,7.0,1.010621190071106
metric,count,1024,7,k=7,1.0167454784646184,1.0167454784646184,7,0.08,0.43385833501815796,0.04629046842455864,2.194234848022461,2.9673852920532227,1.3523553609848022,7.365390300750732,
topological,count,1024,7,k=7,,1.0167454784646184,0,0.0825,0.30699461698532104,0.09514296799898148,9.269437789916992,3.228459358215332,0.34829074144363403,7.0,1.014794945716858
metric,count,1024,7,k=7,1.0167454784646184,1.0167454784646184,0,0.0825,0.3966088891029358,0.05934574082493782,3.606442928314209,2.9658215045928955,0.8223674893379211,7.899062156677246,
topological,count,1024,7,k=7,,1.0167454784646184,1,0.0825,0.23890499770641327,0.0831076130270958,7.072640419006348,3.243978261947632,0.4586658179759979,7.0,1.0034451484680176
metric,count,1024,7,k=7,1.0167454784646184,1.0167454784646184,1,0.0825,0.402087539434433,0.06299515068531036,4.0636305809021,2.964197874069214,0.7294456958770752,7.71203088760376,
topological,count,1024,7,k=7,,1.0167454784646184,2,0.0825,0.281419038772583,0.07649589329957962,5.992061138153076,3.2004454135894775,0.5341143012046814,7.0,1.0002992153167725
metric,count,1024,7,k=7,1.0167454784646184,1.0167454784646184,2,0.0825,0.42687851190567017,0.05516325309872627,3.116016149520874,2.9733598232269287,0.9542183876037598,7.372031211853027,
topological,count,1024,7,k=7,,1.0167454784646184,3,0.0825,0.23694734275341034,0.09018748998641968,8.328994750976562,3.227611541748047,0.387515127658844,7.0,1.0141780376434326
metric,count,1024,7,k=7,1.0167454784646184,1.0167454784646184,3,0.0825,0.4093599319458008,0.0518571101129055,2.753699779510498,2.96419620513916,1.0764412879943848,8.2398042678833,
topological,count,1024,7,k=7,,1.0167454784646184,4,0.0825,0.23950330913066864,0.090426005423069,8.373106956481934,3.243173122406006,0.38733211159706116,7.0,1.0119819641113281
metric,count,1024,7,k=7,1.0167454784646184,1.0167454784646184,4,0.0825,0.3735786974430084,0.06019590049982071,3.7105114459991455,2.993378162384033,0.8067293167114258,7.68044900894165,
topological,count,1024,7,k=7,,1.0167454784646184,5,0.0825,0.2982986569404602,0.07870360463857651,6.34291934967041,3.216170072555542,0.5070488452911377,7.0,1.0108164548873901
metric,count,1024,7,k=7,1.0167454784646184,1.0167454784646184,5,0.0825,0.40319278836250305,0.07149135321378708,5.233678340911865,2.9757721424102783,0.5685814023017883,7.714706897735596,
topological,count,1024,7,k=7,,1.0167454784646184,6,0.0825,0.2823086977005005,0.09747349470853806,9.729108810424805,3.2148633003234863,0.3304376006126404,7.0,1.0033692121505737
metric,count,1024,7,k=7,1.0167454784646184,1.0167454784646184,6,0.0825,0.4168333411216736,0.05360861495137215,2.942857027053833,2.956138849258423,1.0045132637023926,7.717128753662109,
topological,count,1024,7,k=7,,1.0167454784646184,7,0.0825,0.2652827799320221,0.09408465027809143,9.06436824798584,3.2405028343200684,0.35749903321266174,7.0,1.0125923156738281
metric,count,1024,7,k=7,1.0167454784646184,1.0167454784646184,7,0.0825,0.39690473675727844,0.05632369592785835,3.24849534034729,2.9741430282592773,0.9155448079109192,7.567402362823486,
topological,count,1024,7,k=7,,1.0167454784646184,0,0.085,0.24185872077941895,0.08422626554965973,7.264321804046631,3.2466964721679688,0.44693732261657715,7.0,1.0052779912948608
metric,count,1024,7,k=7,1.0167454784646184,1.0167454784646184,0,0.085,0.41087594628334045,0.04690101742744446,2.2524986267089844,2.983121156692505,1.3243608474731445,8.046582221984863,
topological,count,1024,7,k=7,,1.0167454784646184,1,0.085,0.2531183063983917,0.08271336555480957,7.005696773529053,3.2525579929351807,0.4642733037471771,7.0,1.0088566541671753
metric,count,1024,7,k=7,1.0167454784646184,1.0167454784646184,1,0.085,0.3780378997325897,0.0555400513112545,3.1587302684783936,3.001330614089966,0.9501699805259705,7.757363319396973,
topological,count,1024,7,k=7,,1.0167454784646184,2,0.085,0.18793411552906036,0.06871894001960754,4.835628032684326,3.2860264778137207,0.6795448660850525,7.0,1.00527024269104
metric,count,1024,7,k=7,1.0167454784646184,1.0167454784646184,2,0.085,0.37428322434425354,0.069185271859169,4.901480197906494,2.998079776763916,0.6116682887077332,8.076289176940918,
topological,count,1024,7,k=7,,1.0167454784646184,3,0.085,0.2465093731880188,0.10659095644950867,11.63431167602539,3.2458410263061523,0.27898865938186646,7.0,1.0164252519607544
metric,count,1024,7,k=7,1.0167454784646184,1.0167454784646184,3,0.085,0.35583728551864624,0.0656534805893898,4.413828372955322,2.999375581741333,0.6795406341552734,7.571738243103027,
topological,count,1024,7,k=7,,1.0167454784646184,4,0.085,0.26748186349868774,0.11320513486862183,13.12297248840332,3.277587413787842,0.2497595101594925,7.0,1.0340720415115356
metric,count,1024,7,k=7,1.0167454784646184,1.0167454784646184,4,0.085,0.42545539140701294,0.055911023169755936,3.2010676860809326,2.9589250087738037,0.9243556261062622,8.439628601074219,
topological,count,1024,7,k=7,,1.0167454784646184,5,0.085,0.18982437252998352,0.07180097699165344,5.279109477996826,3.2754735946655273,0.6204594969749451,7.0,1.0070593357086182
metric,count,1024,7,k=7,1.0167454784646184,1.0167454784646184,5,0.085,0.3876968324184418,0.06333338469266891,4.10738468170166,2.989415168762207,0.7278147339820862,7.916191101074219,
topological,count,1024,7,k=7,,1.0167454784646184,6,0.085,0.274664044380188,0.06001053377985954,3.687694549560547,3.2543303966522217,0.882483720779419,7.0,1.018323540687561
metric,count,1024,7,k=7,1.0167454784646184,1.0167454784646184,6,0.085,0.3573029339313507,0.06501436978578568,4.328312873840332,3.013200521469116,0.6961604952812195,7.759374618530273,
topological,count,1024,7,k=7,,1.0167454784646184,7,0.085,0.2955726981163025,0.0879693254828453,7.924328327178955,3.2437005043029785,0.4093344211578369,7.0,1.0246199369430542
metric,count,1024,7,k=7,1.0167454784646184,1.0167454784646184,7,0.085,0.35519546270370483,0.07072921097278595,5.122684955596924,3.006333589553833,0.5868667960166931,7.980019569396973,
topological,count,1024,7,k=7,,1.0167454784646184,0,0.0875,0.21062445640563965,0.06957588344812393,4.9569830894470215,3.308612585067749,0.6674649715423584,7.0,1.0158971548080444
metric,count,1024,7,k=7,1.0167454784646184,1.0167454784646184,0,0.0875,0.33420905470848083,0.05264489725232124,2.838001012802124,3.031261920928955,1.0680975914001465,7.546777248382568,
topological,count,1024,7,k=7,,1.0167454784646184,1,0.0875,0.2349788248538971,0.085789255797863,7.536432266235352,3.28460955619812,0.43583083152770996,7.0,1.02273690700531
metric,count,1024,7,k=7,1.0167454784646184,1.0167454784646184,1,0.0875,0.3159402310848236,0.05986442789435387,3.669759750366211,3.053187847137451,0.8319857716560364,7.662011623382568,
topological,count,1024,7,k=7,,1.0167454784646184,2,0.0875,0.1719830483198166,0.05491402745246887,3.087923526763916,3.317662000656128,1.0743989944458008,7.0,1.0295008420944214
metric,count,1024,7,k=7,1.0167454784646184,1.0167454784646184,2,0.0875,0.3287970721721649,0.06805329769849777,4.742401599884033,3.045436143875122,0.6421716809272766,7.398496150970459,
topological,count,1024,7,k=7,,1.0167454784646184,3,0.0875,0.19336475431919098,0.07585248351097107,5.891685485839844,3.300804376602173,0.5602478981018066,7.0,1.0222022533416748
metric,count,1024,7,k=7,1.0167454784646184,1.0167454784646184,3,0.0875,0.32418733835220337,0.07301981002092361,5.459858417510986,3.0331926345825195,0.5555441975593567,7.678066253662109,
topological,count,1024,7,k=7,,1.0167454784646184,4,0.0875,0.23153816163539886,0.08016905188560486,6.581326961517334,3.2675442695617676,0.4964871406555176,7.0,1.0227363109588623
metric,count,1024,7,k=7,1.0167454784646184,1.0167454784646184,4,0.0875,0.30187714099884033,0.07105850428342819,5.170494079589844,3.0463523864746094,0.5891801714897156,7.184960842132568,
topological,count,1024,7,k=7,,1.0167454784646184,5,0.0875,0.22216513752937317,0.08591125905513763,7.557882308959961,3.3024022579193115,0.43694809079170227,7.0,1.0159274339675903
metric,count,1024,7,k=7,1.0167454784646184,1.0167454784646184,5,0.0875,0.28579989075660706,0.08030345290899277,6.603412628173828,3.076813220977783,0.4659428894519806,7.421835899353027,
topological,count,1024,7,k=7,,1.0167454784646184,6,0.0875,0.1808447241783142,0.0768575519323349,6.048853397369385,3.296987533569336,0.5450599193572998,7.0,1.0224626064300537
metric,count,1024,7,k=7,1.0167454784646184,1.0167454784646184,6,0.0875,0.352780282497406,0.07915879786014557,6.416502475738525,3.0026397705078125,0.4679558277130127,8.008378982543945,
topological,count,1024,7,k=7,,1.0167454784646184,7,0.0875,0.27717846632003784,0.09507191926240921,9.255599021911621,3.2835841178894043,0.3547673225402832,7.0,1.0373752117156982
metric,count,1024,7,k=7,1.0167454784646184,1.0167454784646184,7,0.0875,0.2864868938922882,0.05895085260272026,3.558607816696167,3.0449395179748535,0.8556547164916992,7.36583948135376,
topological,count,1024,7,k=7,,1.0167454784646184,0,0.09,0.22216899693012238,0.06963025778532028,4.964733600616455,3.3139989376068115,0.6675079464912415,7.0,1.034019112586975
metric,count,1024,7,k=7,1.0167454784646184,1.0167454784646184,0,0.09,0.2794020175933838,0.0770966038107872,6.086539268493652,3.0832841396331787,0.506574273109436,7.32009744644165,
topological,count,1024,7,k=7,,1.0167454784646184,1,0.09,0.1882075071334839,0.06535638868808746,4.373972415924072,3.327843189239502,0.7608286142349243,7.0,1.025180459022522
metric,count,1024,7,k=7,1.0167454784646184,1.0167454784646184,1,0.09,0.31647971272468567,0.053841184824705124,2.9684460163116455,3.0602636337280273,1.0309312343597412,7.29248046875,
topological,count,1024,7,k=7,,1.0167454784646184,2,0.09,0.18324708938598633,0.08106942474842072,6.729986190795898,3.322967529296875,0.4937554895877838,7.0,1.040542483329773
metric,count,1024,7,k=7,1.0167454784646184,1.0167454784646184,2,0.09,0.22668643295764923,0.09402065724134445,9.052041053771973,3.0622894763946533,0.3382982313632965,7.582363128662109,
topological,count,1024,7,k=7,,1.0167454784646184,3,0.09,0.15744446218013763,0.07001053541898727,5.019110679626465,3.3243343830108643,0.6623353362083435,7.0,1.0216175317764282
metric,count,1024,7,k=7,1.0167454784646184,1.0167454784646184,3,0.09,0.27684757113456726,0.0879005715250969,7.911946773529053,3.0607731342315674,0.3868546187877655,7.828300476074219,
topological,count,1024,7,k=7,,1.0167454784646184,4,0.09,0.2190655916929245,0.07045610249042511,5.083199977874756,3.3274264335632324,0.6545928716659546,7.0,1.0274819135665894
metric,count,1024,7,k=7,1.0167454784646184,1.0167454784646184,4,0.09,0.31213656067848206,0.06005183234810829,3.6927719116210938,3.0436174869537354,0.8242093920707703,7.664101600646973,
topological,count,1024,7,k=7,,1.0167454784646184,5,0.09,0.18109697103500366,0.06958877295255661,4.95881986618042,3.3514866828918457,0.6758638024330139,7.0,1.0419929027557373
metric,count,1024,7,k=7,1.0167454784646184,1.0167454784646184,5,0.09,0.2853052020072937,0.0661277025938034,4.477822303771973,3.0778050422668457,0.6873441338539124,7.500097274780273,
topological,count,1024,7,k=7,,1.0167454784646184,6,0.09,0.2451665848493576,0.06875716894865036,4.841010093688965,3.3000755310058594,0.6816914677619934,7.0,1.044418215751648
metric,count,1024,7,k=7,1.0167454784646184,1.0167454784646184,6,0.09,0.2819766700267792,0.05753767117857933,3.3900375366210938,3.057891845703125,0.9020230174064636,7.03771448135376,
topological,count,1024,7,k=7,,1.0167454784646184,7,0.09,0.27002251148223877,0.06003114581108093,3.6902284622192383,3.32432222366333,0.9008445739746094,7.0,1.0562087297439575
metric,count,1024,7,k=7,1.0167454784646184,1.0167454784646184,7,0.09,0.31381499767303467,0.06616779416799545,4.483253479003906,3.0423004627227783,0.6785920858383179,7.741386413574219,
topological,count,1024,7,k=7,,1.0167454784646184,0,0.0925,0.2031863033771515,0.07089459896087646,5.146669864654541,3.370864152908325,0.6549602746963501,7.0,1.0597599744796753
metric,count,1024,7,k=7,1.0167454784646184,1.0167454784646184,0,0.0925,0.21733209490776062,0.08378516882658005,7.18843412399292,3.0847880840301514,0.4291321337223053,7.238632678985596,
topological,count,1024,7,k=7,,1.0167454784646184,1,0.0925,0.1673063486814499,0.06966689974069595,4.969960689544678,3.3495988845825195,0.6739688515663147,7.0,1.034818172454834
metric,count,1024,7,k=7,1.0167454784646184,1.0167454784646184,1,0.0925,0.27388155460357666,0.06564072519540787,4.412113666534424,3.0692152976989746,0.6956338286399841,7.271327972412109,
topological,count,1024,7,k=7,,1.0167454784646184,2,0.0925,0.1949908435344696,0.06502128392457962,4.3292341232299805,3.351473808288574,0.7741493582725525,7.0,1.0433248281478882
metric,count,1024,7,k=7,1.0167454784646184,1.0167454784646184,2,0.0925,0.1952134072780609,0.07442818582057953,5.67250394821167,3.103480577468872,0.5471094846725464,7.226972579956055,
topological,count,1024,7,k=7,,1.0167454784646184,3,0.0925,0.1540536880493164,0.06843943148851395,4.796370506286621,3.349614381790161,0.6983643770217896,7.0,1.045775294303894
metric,count,1024,7,k=7,1.0167454784646184,1.0167454784646184,3,0.0925,0.24542392790317535,0.05465605854988098,3.0589797496795654,3.0958211421966553,1.0120437145233154,7.173085689544678,
topological,count,1024,7,k=7,,1.0167454784646184,4,0.0925,0.18030354380607605,0.07522470504045486,5.794566631317139,3.3494479656219482,0.5780324935913086,7.0,1.050803780555725
metric,count,1024,7,k=7,1.0167454784646184,1.0167454784646184,4,0.0925,0.25432440638542175,0.0702350065112114,5.051346778869629,3.069537878036499,0.6076672077178955,6.999570369720459,
topological,count,1024,7,k=7,,1.0167454784646184,5,0.0925,0.18626229465007782,0.06789892166852951,4.72091007232666,3.3441946506500244,0.7083792686462402,7.0,1.0357481241226196
metric,count,1024,7,k=7,1.0167454784646184,1.0167454784646184,5,0.0925,0.18513672053813934,0.05281015858054161,2.855846881866455,3.1001720428466797,1.08555269241333,7.071991920471191,
topological,count,1024,7,k=7,,1.0167454784646184,6,0.0925,0.1698988676071167,0.060177549719810486,3.708249568939209,3.360917091369629,0.9063352346420288,7.0,1.0415934324264526
metric,count,1024,7,k=7,1.0167454784646184,1.0167454784646184,6,0.0925,0.22130021452903748,0.06511484086513519,4.341701507568359,3.0715556144714355,0.7074543237686157,7.240859031677246,
topological,count,1024,7,k=7,,1.0167454784646184,7,0.0925,0.23773564398288727,0.06825967133045197,4.7712082862854,3.3099381923675537,0.6937316060066223,7.0,1.0512568950653076
metric,count,1024,7,k=7,1.0167454784646184,1.0167454784646184,7,0.0925,0.2245856076478958,0.06487119197845459,4.309269905090332,3.0808682441711426,0.7149397134780884,7.179570198059082,
topological,count,1024,7,k=7,,1.0167454784646184,0,0.095,0.15616826713085175,0.052055034786462784,2.7747600078582764,3.3716917037963867,1.2151291370391846,7.0,1.0539168119430542
metric,count,1024,7,k=7,1.0167454784646184,1.0167454784646184,0,0.095,0.22413748502731323,0.06874284893274307,4.838993072509766,3.1088502407073975,0.6424580812454224,7.112968444824219,
topological,count,1024,7,k=7,,1.0167454784646184,1,0.095,0.1661030501127243,0.05671866238117218,3.2942147254943848,3.354668617248535,1.0183515548706055,7.0,1.0544941425323486
metric,count,1024,7,k=7,1.0167454784646184,1.0167454784646184,1,0.095,0.22937533259391785,0.05282443389296532,2.857391119003296,3.098231554031372,1.0842868089675903,7.11062479019165,
topological,count,1024,7,k=7,,1.0167454784646184,2,0.095,0.17280326783657074,0.05975959450006485,3.6569182872772217,3.365560531616211,0.9203269481658936,7.0,1.06307053565979
metric,count,1024,7,k=7,1.0167454784646184,1.0167454784646184,2,0.095,0.16141816973686218,0.06316221505403519,4.085212707519531,3.127288818359375,0.7655143141746521,6.732402324676514,
topological,count,1024,7,k=7,,1.0167454784646184,3,0.095,0.178175687789917,0.07249331474304199,5.381407260894775,3.348555564880371,0.6222453713417053,7.0,1.0552935600280762
metric,count,1024,7,k=7,1.0167454784646184,1.0167454784646184,3,0.095,0.19815774261951447,0.08374577760696411,7.181676387786865,3.096416473388672,0.43115511536598206,7.151894569396973,
topological,count,1024,7,k=7,,1.0167454784646184,4,0.095,0.1559029370546341,0.05511663481593132,3.1107516288757324,3.36051869392395,1.0802916288375854,7.0,1.0505422353744507
metric,count,1024,7,k=7,1.0167454784646184,1.0167454784646184,4,0.095,0.19671358168125153,0.07014569640159607,5.038508415222168,3.090104341506958,0.6132974624633789,7.155976295471191,
topological,count,1024,7,k=7,,1.0167454784646184,5,0.095,0.1612599939107895,0.06364534795284271,4.147947788238525,3.361703395843506,0.8104497790336609,7.0,1.053144097328186
metric,count,1024,7,k=7,1.0167454784646184,1.0167454784646184,5,0.095,0.17814384400844574,0.05729027837514877,3.360948324203491,3.086770534515381,0.9184224605560303,6.994960784912109,
topological,count,1024,7,k=7,,1.0167454784646184,6,0.095,0.16911350190639496,0.05970950052142143,3.650789737701416,3.3640716075897217,0.9214640259742737,7.0,1.0480005741119385
metric,count,1024,7,k=7,1.0167454784646184,1.0167454784646184,6,0.095,0.24493376910686493,0.0683830976486206,4.788477897644043,3.072960138320923,0.6417405009269714,7.299824237823486,
topological,count,1024,7,k=7,,1.0167454784646184,7,0.095,0.2154620885848999,0.08235697448253632,6.945455074310303,3.360529899597168,0.48384588956832886,7.0,1.0705492496490479
metric,count,1024,7,k=7,1.0167454784646184,1.0167454784646184,7,0.095,0.16086436808109283,0.06411410868167877,4.2092742919921875,3.129160165786743,0.7433965802192688,6.961601257324219,
topological,count,1024,7,k=7,,1.0167454784646184,0,0.0975,0.15237511694431305,0.0550280399620533,3.100759506225586,3.3599424362182617,1.0835869312286377,7.0,1.061570405960083
metric,count,1024,7,k=7,1.0167454784646184,1.0167454784646184,0,0.0975,0.16998709738254547,0.052425917237997055,2.8144402503967285,3.1234402656555176,1.1097909212112427,6.651132583618164,
topological,count,1024,7,k=7,,1.0167454784646184,1,0.0975,0.1658613532781601,0.06416945159435272,4.216544151306152,3.3604893684387207,0.796977162361145,7.0,1.0721951723098755
metric,count,1024,7,k=7,1.0167454784646184,1.0167454784646184,1,0.0975,0.1752198189496994,0.05554807931184769,3.1596434116363525,3.1103227138519287,0.9843904972076416,6.683535099029541,
topological,count,1024,7,k=7,,1.0167454784646184,2,0.0975,0.15696664154529572,0.05303304269909859,2.8800036907196045,3.382479429244995,1.1744705438613892,7.0,1.076124906539917
metric,count,1024,7,k=7,1.0167454784646184,1.0167454784646184,2,0.0975,0.17887824773788452,0.06559252738952637,4.405637264251709,3.1006765365600586,0.7037975192070007,6.822246074676514,
topological,count,1024,7,k=7,,1.0167454784646184,3,0.0975,0.14073622226715088,0.051916494965553284,2.7600104808807373,3.3572545051574707,1.216391921043396,7.0,1.062262773513794
metric,count,1024,7,k=7,1.0167454784646184,1.0167454784646184,3,0.0975,0.17457444965839386,0.06347396969795227,4.12563943862915,3.097003698348999,0.7506723999977112,7.22048807144165,
topological,count,1024,7,k=7,,1.0167454784646184,4,0.0975,0.1499105840921402,0.06046624854207039,3.74391508102417,3.3695433139801025,0.9000052213668823,7.0,1.044305443763733
metric,count,1024,7,k=7,1.0167454784646184,1.0167454784646184,4,0.0975,0.17210359871387482,0.05403313413262367,2.9896492958068848,3.102381944656372,1.0377076864242554,6.872499942779541,
topological,count,1024,7,k=7,,1.0167454784646184,5,0.0975,0.14890843629837036,0.057668719440698624,3.4054973125457764,3.3635144233703613,0.9876720309257507,7.0,1.0577746629714966
metric,count,1024,7,k=7,1.0167454784646184,1.0167454784646184,5,0.0975,0.1684117466211319,0.06130215898156166,3.8481457233428955,3.1050922870635986,0.8069061636924744,6.699882507324219,
topological,count,1024,7,k=7,,1.0167454784646184,6,0.0975,0.14258255064487457,0.05159690976142883,2.726135015487671,3.386172294616699,1.242114782333374,7.0,1.0528594255447388
metric,count,1024,7,k=7,1.0167454784646184,1.0167454784646184,6,0.0975,0.18824318051338196,0.07425960898399353,5.6468377113342285,3.124163866043091,0.553259015083313,6.73708963394165,
topological,count,1024,7,k=7,,1.0167454784646184,7,0.0975,0.17982526123523712,0.06683095544576645,4.5735697746276855,3.3548460006713867,0.7335289716720581,7.0,1.0618337392807007
metric,count,1024,7,k=7,1.0167454784646184,1.0167454784646184,7,0.0975,0.17735041677951813,0.053078580647706985,2.8849518299102783,3.115138530731201,1.0797888040542603,6.749960899353027,
topological,count,1024,7,k=7,,1.0167454784646184,0,0.1,0.14528213441371918,0.045566290616989136,2.126117706298828,3.3643102645874023,1.5823725461959839,7.0,1.0747425556182861
metric,count,1024,7,k=7,1.0167454784646184,1.0167454784646184,0,0.1,0.13064859807491302,0.06154857203364372,3.8791441917419434,3.1327953338623047,0.8075995445251465,6.475429534912109,
topological,count,1024,7,k=7,,1.0167454784646184,1,0.1,0.1546107679605484,0.0570056326687336,3.3276336193084717,3.3724708557128906,1.0134742259979248,7.0,1.075373649597168
metric,count,1024,7,k=7,1.0167454784646184,1.0167454784646184,1,0.1,0.12639008462429047,0.05376485362648964,2.9600353240966797,3.0980072021484375,1.0466116666793823,6.569394588470459,
topological,count,1024,7,k=7,,1.0167454784646184,2,0.1,0.13429561257362366,0.04710180684924126,2.2718262672424316,3.3451249599456787,1.4724388122558594,7.0,1.0627179145812988
metric,count,1024,7,k=7,1.0167454784646184,1.0167454784646184,2,0.1,0.13575413823127747,0.042596958577632904,1.858048915863037,3.118088722229004,1.678152084350586,6.313320159912109,
topological,count,1024,7,k=7,,1.0167454784646184,3,0.1,0.13578706979751587,0.05127055197954178,2.6917576789855957,3.3351335525512695,1.2390170097351074,7.0,1.058301329612732
metric,count,1024,7,k=7,1.0167454784646184,1.0167454784646184,3,0.1,0.12375470995903015,0.051424428820610046,2.7079391479492188,3.1134307384490967,1.149741768836975,6.742089748382568,
topological,count,1024,7,k=7,,1.0167454784646184,4,0.1,0.12702007591724396,0.0521695613861084,2.7869832515716553,3.357053518295288,1.20454740524292,7.0,1.0641980171203613
metric,count,1024,7,k=7,1.0167454784646184,1.0167454784646184,4,0.1,0.141845241189003,0.06424489617347717,4.22646427154541,3.0984623432159424,0.7331097722053528,6.51281213760376,
topological,count,1024,7,k=7,,1.0167454784646184,5,0.1,0.1335742324590683,0.054647669196128845,3.0580406188964844,3.3690643310546875,1.101706862449646,7.0,1.059434413909912
metric,count,1024,7,k=7,1.0167454784646184,1.0167454784646184,5,0.1,0.1466892659664154,0.047436460852622986,2.30422306060791,3.1175782680511475,1.3529845476150513,6.603984355926514,
topological,count,1024,7,k=7,,1.0167454784646184,6,0.1,0.1252044141292572,0.045402269810438156,2.1108388900756836,3.3559410572052,1.589861273765564,7.0,1.063226342201233
metric,count,1024,7,k=7,1.0167454784646184,1.0167454784646184,6,0.1,0.1580217182636261,0.05232546105980873,2.8036646842956543,3.098672389984131,1.105222225189209,6.910976409912109,
topological,count,1024,7,k=7,,1.0167454784646184,7,0.1,0.17787475883960724,0.06307973712682724,4.074551105499268,3.3400754928588867,0.8197407722473145,7.0,1.0724531412124634
metric,count,1024,7,k=7,1.0167454784646184,1.0167454784646184,7,0.1,0.1356644630432129,0.04520992189645767,2.092991352081299,3.128793954849243,1.4948909282684326,6.498964786529541,
topological,count,1024,7,k=7,,1.0167454784646184,0,0.1025,0.12595175206661224,0.05125699192285538,2.6903340816497803,3.357163667678833,1.2478612661361694,7.0,1.0778855085372925
metric,count,1024,7,k=7,1.0167454784646184,1.0167454784646184,0,0.1025,0.11434457451105118,0.03848331421613693,1.5165085792541504,3.1119256019592285,2.052032947540283,6.440000057220459,
topological,count,1024,7,k=7,,1.0167454784646184,1,0.1025,0.12481347471475601,0.05518270656466484,3.1182143688201904,3.348484516143799,1.0738468170166016,7.0,1.0704307556152344
metric,count,1024,7,k=7,1.0167454784646184,1.0167454784646184,1,0.1025,0.13694438338279724,0.04651053249835968,2.215147018432617,3.104374408721924,1.401430368423462,6.476737976074219,
topological,count,1024,7,k=7,,1.0167454784646184,2,0.1025,0.13040687143802643,0.056136224418878555,3.2269062995910645,3.3310041427612305,1.0322593450546265,7.0,1.0634405612945557
metric,count,1024,7,k=7,1.0167454784646184,1.0167454784646184,2,0.1025,0.12383706867694855,0.05050408095121384,2.6118781566619873,3.1007635593414307,1.1871777772903442,6.436777114868164,
topological,count,1024,7,k=7,,1.0167454784646184,3,0.1025,0.12193170189857483,0.04817783087491989,2.376810073852539,3.3478481769561768,1.408546805381775,7.0,1.0765355825424194
metric,count,1024,7,k=7,1.0167454784646184,1.0167454784646184,3,0.1025,0.1380445957183838,0.04908838868141174,2.4675018787384033,3.0893383026123047,1.2520105838775635,6.683554649353027,
topological,count,1024,7,k=7,,1.0167454784646184,4,0.1025,0.12697185575962067,0.05009472370147705,2.569708824157715,3.351821184158325,1.3043583631515503,7.0,1.0734443664550781
metric,count,1024,7,k=7,1.0167454784646184,1.0167454784646184,4,0.1025,0.12636174261569977,0.04255099594593048,1.8540414571762085,3.108818292617798,1.6767792701721191,6.666484355926514,
topological,count,1024,7,k=7,,1.0167454784646184,5,0.1025,0.13495859503746033,0.04666666314005852,2.23004412651062,3.359783172607422,1.5065994262695312,7.0,1.0860614776611328
metric,count,1024,7,k=7,1.0167454784646184,1.0167454784646184,5,0.1025,0.12578849494457245,0.050125155597925186,2.572831869125366,3.088853120803833,1.2005654573440552,6.699472427368164,
topological,count,1024,7,k=7,,1.0167454784646184,6,0.1025,0.12701921164989471,0.044738929718732834,2.049609661102295,3.3670358657836914,1.6427693367004395,7.0,1.080361247062683
metric,count,1024,7,k=7,1.0167454784646184,1.0167454784646184,6,0.1025,0.1334168016910553,0.04587363824248314,2.1548960208892822,3.099670886993408,1.438431739807129,6.637753963470459,
topological,count,1024,7,k=7,,1.0167454784646184,7,0.1025,0.1508772224187851,0.04847859591245651,2.406578540802002,3.351181983947754,1.392508864402771,7.0,1.076682448387146
metric,count,1024,7,k=7,1.0167454784646184,1.0167454784646184,7,0.1025,0.12270867824554443,0.05090496689081192,2.6535072326660156,3.107267379760742,1.1710039377212524,6.507382869720459,
topological,count,1024,7,k=7,,1.0167454784646184,0,0.105,0.1221601665019989,0.05179478973150253,2.7470850944519043,3.314354181289673,1.206498622894287,7.0,1.0688143968582153
metric,count,1024,7,k=7,1.0167454784646184,1.0167454784646184,0,0.105,0.11390949040651321,0.040044959634542465,1.6420851945877075,3.0949199199676514,1.8847498893737793,6.374843597412109,
topological,count,1024,7,k=7,,1.0167454784646184,1,0.105,0.11444558948278427,0.046620771288871765,2.2256603240966797,3.3497655391693115,1.5050660371780396,7.0,1.0813826322555542
metric,count,1024,7,k=7,1.0167454784646184,1.0167454784646184,1,0.105,0.11346409469842911,0.044768739491701126,2.052341938018799,3.084630012512207,1.5029805898666382,6.544003963470459,
topological,count,1024,7,k=7,,1.0167454784646184,2,0.105,0.12856779992580414,0.05210896581411362,2.780512571334839,3.336737632751465,1.20004403591156,7.0,1.091006875038147
metric,count,1024,7,k=7,1.0167454784646184,1.0167454784646184,2,0.105,0.10154987126588821,0.038925040513277054,1.5515226125717163,3.0858044624328613,1.9888877868652344,6.267578125,
topological,count,1024,7,k=7,,1.0167454784646184,3,0.105,0.10337609797716141,0.049647457897663116,2.524027109146118,3.331087827682495,1.3197511434555054,7.0,1.0748363733291626
metric,count,1024,7,k=7,1.0167454784646184,1.0167454784646184,3,0.105,0.11048071831464767,0.0487389974296093,2.432501792907715,3.070098876953125,1.262115716934204,6.223007678985596,
topological,count,1024,7,k=7,,1.0167454784646184,4,0.105,0.11915682256221771,0.04940938577055931,2.499878406524658,3.31362247467041,1.325513482093811,7.0,1.0758094787597656
metric,count,1024,7,k=7,1.0167454784646184,1.0167454784646184,4,0.105,0.10786135494709015,0.04109818488359451,1.7295984029769897,3.0845015048980713,1.7833629846572876,6.308906078338623,
topological,count,1024,7,k=7,,1.0167454784646184,5,0.105,0.11741020530462265,0.03826696798205376,1.4995054006576538,3.3404438495635986,2.2276971340179443,7.0,1.0817927122116089
metric,count,1024,7,k=7,1.0167454784646184,1.0167454784646184,5,0.105,0.10609103739261627,0.04819750785827637,2.378751754760742,3.088261127471924,1.2982696294784546,6.220156192779541,
topological,count,1024,7,k=7,,1.0167454784646184,6,0.105,0.13079272210597992,0.05179315060377121,2.74691104888916,3.3578906059265137,1.2224242687225342,7.0,1.089834213256836
metric,count,1024,7,k=7,1.0167454784646184,1.0167454784646184,6,0.105,0.11432565748691559,0.053491123020648956,2.92997145652771,3.064504384994507,1.0459160804748535,6.331640720367432,
topological,count,1024,7,k=7,,1.0167454784646184,7,0.105,0.13722248375415802,0.04659058153629303,2.222778797149658,3.3170855045318604,1.4923148155212402,7.0,1.0783405303955078
metric,count,1024,7,k=7,1.0167454784646184,1.0167454784646184,7,0.105,0.09548933804035187,0.04004251956939697,1.6418850421905518,3.083868980407715,1.8782490491867065,6.355527400970459,
topological,count,1024,7,k=7,,1.0167454784646184,0,0.12,0.08920449763536453,0.036144621670246124,1.3377881050109863,3.1945974826812744,2.387969732284546,7.0,1.1136947870254517
metric,count,1024,7,k=7,1.0167454784646184,1.0167454784646184,0,0.12,0.07103674858808517,0.028330549597740173,0.8218829035758972,2.9313347339630127,3.5666086673736572,5.644824028015137,
topological,count,1024,7,k=7,,1.0167454784646184,1,0.12,0.08349631726741791,0.034018874168395996,1.1850587129592896,3.192340612411499,2.6938250064849854,7.0,1.1105157136917114
metric,count,1024,7,k=7,1.0167454784646184,1.0167454784646184,1,0.12,0.07119029760360718,0.028677526861429214,0.8421381115913391,2.929957866668701,3.479189395904541,5.640273094177246,
topological,count,1024,7,k=7,,1.0167454784646184,2,0.12,0.07932636886835098,0.03137071803212166,1.00774085521698,3.1842758655548096,3.159816265106201,7.0,1.1080526113510132
metric,count,1024,7,k=7,1.0167454784646184,1.0167454784646184,2,0.12,0.07366729527711868,0.02925310842692852,0.876282274723053,2.929805278778076,3.343449354171753,5.705761432647705,
topological,count,1024,7,k=7,,1.0167454784646184,3,0.12,0.08527974784374237,0.03658745437860489,1.3707692623138428,3.185115098953247,2.323596954345703,7.0,1.1074918508529663
metric,count,1024,7,k=7,1.0167454784646184,1.0167454784646184,3,0.12,0.06794466078281403,0.028720108792185783,0.8446409702301025,2.9215447902679443,3.4589192867279053,5.637831687927246,
topological,count,1024,7,k=7,,1.0167454784646184,4,0.12,0.08802254498004913,0.033565979450941086,1.1537152528762817,3.191864013671875,2.7665960788726807,7.0,1.1105834245681763
metric,count,1024,7,k=7,1.0167454784646184,1.0167454784646184,4,0.12,0.07133440673351288,0.030288152396678925,0.939389169216156,2.9155523777008057,3.103668451309204,5.626601219177246,
topological,count,1024,7,k=7,,1.0167454784646184,5,0.12,0.08104263246059418,0.029808612540364265,0.909878671169281,3.2015979290008545,3.5187087059020996,7.0,1.113890528678894
metric,count,1024,7,k=7,1.0167454784646184,1.0167454784646184,5,0.12,0.06919132173061371,0.030076120048761368,0.9262827634811401,2.92160701751709,3.1541202068328857,5.768261432647705,
topological,count,1024,7,k=7,,1.0167454784646184,6,0.12,0.09952236711978912,0.04495805501937866,2.0697362422943115,3.19889497756958,1.5455567836761475,7.0,1.1155831813812256
metric,count,1024,7,k=7,1.0167454784646184,1.0167454784646184,6,0.12,0.080080047249794,0.03125292435288429,1.0001871585845947,2.930950880050659,2.9304022789001465,5.873046875,
topological,count,1024,7,k=7,,1.0167454784646184,7,0.12,0.08907614648342133,0.035081733018159866,1.2602653503417969,3.180318593978882,2.523530960083008,7.0,1.1009786128997803
metric,count,1024,7,k=7,1.0167454784646184,1.0167454784646184,7,0.12,0.07591070234775543,0.03212451562285423,1.05675208568573,2.925616979598999,2.7684988975524902,5.667812347412109,
topological,count,1024,7,k=7,,1.0167454784646184,0,0.14,0.06442050635814667,0.02452516369521618,0.615919291973114,2.922719717025757,4.745296955108643,7.0,1.1291563510894775
metric,count,1024,7,k=7,1.0167454784646184,1.0167454784646184,0,0.14,0.05366065725684166,0.023318488150835037,0.556801974773407,2.6777191162109375,4.809104919433594,5.285585880279541,
topological,count,1024,7,k=7,,1.0167454784646184,1,0.14,0.06378894299268723,0.02397085726261139,0.5883924961090088,2.9121997356414795,4.949416637420654,7.0,1.124646782875061
metric,count,1024,7,k=7,1.0167454784646184,1.0167454784646184,1,0.14,0.055095892399549484,0.023522954434156418,0.5666093230247498,2.674786329269409,4.720688819885254,5.123769283294678,
topological,count,1024,7,k=7,,1.0167454784646184,2,0.14,0.06957969069480896,0.029026007279753685,0.8627293109893799,2.9209399223327637,3.3856968879699707,7.0,1.1405776739120483
metric,count,1024,7,k=7,1.0167454784646184,1.0167454784646184,2,0.14,0.056390874087810516,0.023491598665714264,0.5650997757911682,2.675104856491089,4.73386287689209,5.151991844177246,
topological,count,1024,7,k=7,,1.0167454784646184,3,0.14,0.06245757266879082,0.025249043479561806,0.652814507484436,2.9240942001342773,4.479211807250977,7.0,1.1299493312835693
metric,count,1024,7,k=7,1.0167454784646184,1.0167454784646184,3,0.14,0.0552978590130806,0.02344750612974167,0.5629804134368896,2.670949697494507,4.744303226470947,5.260683536529541,
topological,count,1024,7,k=7,,1.0167454784646184,4,0.14,0.0635165199637413,0.02762082777917385,0.7812199592590332,2.9209001064300537,3.738895893096924,7.0,1.1255618333816528
metric,count,1024,7,k=7,1.0167454784646184,1.0167454784646184,4,0.14,0.05837244912981987,0.025706803426146507,0.6766999363899231,2.675551652908325,3.9538228511810303,5.291523456573486,
topological,count,1024,7,k=7,,1.0167454784646184,5,0.14,0.064718097448349,0.02712683007121086,0.7535257339477539,2.9190826416015625,3.873898983001709,7.0,1.1251771450042725
metric,count,1024,7,k=7,1.0167454784646184,1.0167454784646184,5,0.14,0.05409124121069908,0.023692261427640915,0.5747950077056885,2.6785430908203125,4.65999698638916,5.371113300323486,
topological,count,1024,7,k=7,,1.0167454784646184,6,0.14,0.06693800538778305,0.02803349867463112,0.8047381043434143,2.926215171813965,3.63623309135437,7.0,1.1352179050445557
metric,count,1024,7,k=7,1.0167454784646184,1.0167454784646184,6,0.14,0.054607171565294266,0.021874332800507545,0.4899701476097107,2.673828601837158,5.457125663757324,5.27761697769165,
topological,count,1024,7,k=7,,1.0167454784646184,7,0.14,0.06871281564235687,0.026624314486980438,0.7258666157722473,2.9214541912078857,4.024781227111816,7.0,1.1235893964767456
metric,count,1024,7,k=7,1.0167454784646184,1.0167454784646184,7,0.14,0.05708208307623863,0.02621534653007984,0.703738272190094,2.6697216033935547,3.793628692626953,5.299628734588623,
topological,count,1024,7,k=7,,1.0167454784646184,0,0.16,0.059237461537122726,0.023638194426894188,0.572174608707428,2.6645872592926025,4.656947612762451,7.0,1.136387825012207
metric,count,1024,7,k=7,1.0167454784646184,1.0167454784646184,0,0.16,0.050219252705574036,0.02097698114812374,0.45059457421302795,2.448955535888672,5.434942722320557,5.131816387176514,
topological,count,1024,7,k=7,,1.0167454784646184,1,0.16,0.054708123207092285,0.023573013022542,0.5690233707427979,2.661311626434326,4.676981449127197,7.0,1.1421072483062744
metric,count,1024,7,k=7,1.0167454784646184,1.0167454784646184,1,0.16,0.049448411911726,0.017886606976389885,0.3276090621948242,2.439823627471924,7.447363376617432,5.084589958190918,
topological,count,1024,7,k=7,,1.0167454784646184,2,0.16,0.05572454258799553,0.024730078876018524,0.626254677772522,2.653857469558716,4.237665176391602,7.0,1.1404914855957031
metric,count,1024,7,k=7,1.0167454784646184,1.0167454784646184,2,0.16,0.04878110811114311,0.019875381141901016,0.4045115113258362,2.444593667984009,6.043323040008545,4.933261394500732,
topological,count,1024,7,k=7,,1.0167454784646184,3,0.16,0.05649615079164505,0.022625528275966644,0.5242004990577698,2.6587893962860107,5.072084903717041,7.0,1.1452648639678955
metric,count,1024,7,k=7,1.0167454784646184,1.0167454784646184,3,0.16,0.04703506454825401,0.021111909300088882,0.45640987157821655,2.441845417022705,5.3501152992248535,4.972831726074219,
topological,count,1024,7,k=7,,1.0167454784646184,4,0.16,0.053487490862607956,0.023999765515327454,0.5898124575614929,2.6579208374023438,4.506382942199707,7.0,1.1316132545471191
metric,count,1024,7,k=7,1.0167454784646184,1.0167454784646184,4,0.16,0.04981754347681999,0.02037227712571621,0.4249904155731201,2.446922779083252,5.757595062255859,4.997910022735596,
topological,count,1024,7,k=7,,1.0167454784646184,5,0.16,0.0550207793712616,0.0219739843159914,0.4944445788860321,2.6596879959106445,5.379142761230469,7.0,1.140241265296936
metric,count,1024,7,k=7,1.0167454784646184,1.0167454784646184,5,0.16,0.04875309392809868,0.019083211198449135,0.3729090094566345,2.4493019580841064,6.5680952072143555,5.071054458618164,
topological,count,1024,7,k=7,,1.0167454784646184,6,0.16,0.052843742072582245,0.02219966985285282,0.5046531558036804,2.6564550399780273,5.263922691345215,7.0,1.1414331197738647
metric,count,1024,7,k=7,1.0167454784646184,1.0167454784646184,6,0.16,0.04970039799809456,0.02089838869869709,0.447224497795105,2.4549612998962402,5.489326477050781,5.124413967132568,
topological,count,1024,7,k=7,,1.0167454784646184,7,0.16,0.05527377873659134,0.021246762946248055,0.46225911378860474,2.670304298400879,5.776639461517334,7.0,1.1333433389663696
metric,count,1024,7,k=7,1.0167454784646184,1.0167454784646184,7,0.16,0.0528036504983902,0.021924585103988647,0.49222394824028015,2.4534008502960205,4.984318733215332,5.13943338394165,
topological,count,1024,7,k=7,,1.0167454784646184,0,0.18,0.051869869232177734,0.019723258912563324,0.3983430862426758,2.432257890701294,6.105937480926514,7.0,1.1449848413467407
metric,count,1024,7,k=7,1.0167454784646184,1.0167454784646184,0,0.18,0.04480792582035065,0.017903592437505722,0.328231543302536,2.2590596675872803,6.882518768310547,4.916484355926514,
topological,count,1024,7,k=7,,1.0167454784646184,1,0.18,0.048849038779735565,0.020046276971697807,0.41149771213531494,2.430572032928467,5.906647682189941,7.0,1.1408843994140625
metric,count,1024,7,k=7,1.0167454784646184,1.0167454784646184,1,0.18,0.04438595846295357,0.016287049278616905,0.27163439989089966,2.2566566467285156,8.307698249816895,4.963418006896973,
topological,count,1024,7,k=7,,1.0167454784646184,2,0.18,0.053871724754571915,0.02238919585943222,0.5133066773414612,2.4258062839508057,4.725841999053955,7.0,1.1481963396072388
metric,count,1024,7,k=7,1.0167454784646184,1.0167454784646184,2,0.18,0.045025136321783066,0.01789916306734085,0.32806918025016785,2.261784553527832,6.894230842590332,4.900605201721191,
topological,count,1024,7,k=7,,1.0167454784646184,3,0.18,0.04681248590350151,0.020801404491066933,0.44308316707611084,2.4288458824157715,5.481693267822266,7.0,1.1447408199310303
metric,count,1024,7,k=7,1.0167454784646184,1.0167454784646184,3,0.18,0.045150961726903915,0.019454391673207283,0.3875567615032196,2.257171392440796,5.824105262756348,4.969374656677246,
topological,count,1024,7,k=7,,1.0167454784646184,4,0.18,0.04892586171627045,0.021898889914155006,0.49107083678245544,2.4313716888427734,4.951163291931152,7.0,1.1442478895187378
metric,count,1024,7,k=7,1.0167454784646184,1.0167454784646184,4,0.18,0.044482674449682236,0.016479885205626488,0.278104692697525,2.2546823024749756,8.107315063476562,4.95095682144165,
topological,count,1024,7,k=7,,1.0167454784646184,5,0.18,0.04780800640583038,0.01812179759144783,0.3362811803817749,2.426527738571167,7.215770244598389,7.0,1.1420621871948242
metric,count,1024,7,k=7,1.0167454784646184,1.0167454784646184,5,0.18,0.04651790112257004,0.01989029534161091,0.40511879324913025,2.2425179481506348,5.535458087921143,4.918398380279541,
topological,count,1024,7,k=7,,1.0167454784646184,6,0.18,0.04958668723702431,0.01882484182715416,0.3628796637058258,2.4305691719055176,6.69800329208374,7.0,1.1493602991104126
metric,count,1024,7,k=7,1.0167454784646184,1.0167454784646184,6,0.18,0.04540873318910599,0.01995140127837658,0.40761181712150574,2.248425245285034,5.516094207763672,4.911484241485596,
topological,count,1024,7,k=7,,1.0167454784646184,7,0.18,0.04981289431452751,0.022262364625930786,0.5075075626373291,2.437208414077759,4.802309513092041,7.0,1.1419059038162231
metric,count,1024,7,k=7,1.0167454784646184,1.0167454784646184,7,0.18,0.04891382157802582,0.019934071227908134,0.40690404176712036,2.2564773559570312,5.545478343963623,4.963496208190918,
topological,count,1024,7,k=7,,1.0167454784646184,0,0.2,0.047580573707818985,0.01886063441634178,0.36426088213920593,2.2293198108673096,6.120118618011475,7.0,1.1459813117980957
metric,count,1024,7,k=7,1.0167454784646184,1.0167454784646184,0,0.2,0.0410335473716259,0.016639545559883118,0.283519446849823,2.0867385864257812,7.360125541687012,4.844199180603027,
topological,count,1024,7,k=7,,1.0167454784646184,1,0.2,0.0450546070933342,0.01651015318930149,0.27912718057632446,2.233369827270508,8.001262664794922,7.0,1.1500859260559082
metric,count,1024,7,k=7,1.0167454784646184,1.0167454784646184,1,0.2,0.04118286073207855,0.01546991802752018,0.24506200850009918,2.0895440578460693,8.526593208312988,4.849589824676514,
topological,count,1024,7,k=7,,1.0167454784646184,2,0.2,0.049984462559223175,0.020046615973114967,0.41151162981987,2.233894109725952,5.4285078048706055,7.0,1.147093653678894
metric,count,1024,7,k=7,1.0167454784646184,1.0167454784646184,2,0.2,0.042144373059272766,0.014242416247725487,0.2077147364616394,2.089675188064575,10.060312271118164,4.82302713394165,
topological,count,1024,7,k=7,,1.0167454784646184,3,0.2,0.04555859416723251,0.019748782739043236,0.39937475323677063,2.2298879623413086,5.583447456359863,7.0,1.1561442613601685
metric,count,1024,7,k=7,1.0167454784646184,1.0167454784646184,3,0.2,0.04037867859005928,0.016171913594007492,0.2678075134754181,2.0913445949554443,7.809133529663086,4.904667854309082,
topological,count,1024,7,k=7,,1.0167454784646184,4,0.2,0.044403064996004105,0.020673243328928947,0.4376401901245117,2.2356648445129395,5.10845422744751,7.0,1.150849461555481
metric,count,1024,7,k=7,1.0167454784646184,1.0167454784646184,4,0.2,0.043137650936841965,0.018403593450784683,0.3468208611011505,2.0821855068206787,6.003633975982666,4.951874732971191,
topological,count,1024,7,k=7,,1.0167454784646184,5,0.2,0.04437756538391113,0.018731387332081795,0.3592855930328369,2.236140489578247,6.223852157592773,7.0,1.147565245628357
metric,count,1024,7,k=7,1.0167454784646184,1.0167454784646184,5,0.2,0.04109978675842285,0.018907105550169945,0.3660581111907959,2.0851857662200928,5.696324348449707,4.802851676940918,
topological,count,1024,7,k=7,,1.0167454784646184,6,0.2,0.04593922570347786,0.0173615925014019,0.3086591064929962,2.234156370162964,7.238265037536621,7.0,1.1473325490951538
metric,count,1024,7,k=7,1.0167454784646184,1.0167454784646184,6,0.2,0.04345926642417908,0.016572728753089905,0.281247079372406,2.084242582321167,7.410717487335205,4.941659927368164,
topological,count,1024,7,k=7,,1.0167454784646184,7,0.2,0.04521501436829567,0.01899798959493637,0.3695857524871826,2.23769211769104,6.054595470428467,7.0,1.1438908576965332
metric,count,1024,7,k=7,1.0167454784646184,1.0167454784646184,7,0.2,0.043792128562927246,0.018337715417146683,0.34434235095977783,2.087498664855957,6.062276840209961,4.901288986206055,
